0,1,2,3,4,5,6,7,y
2,3,3855,53,76,541027,18,9728,0
3,3,2463,154,464,2196732,54,15978,1
0,1,2373,60,237,1798355,47,4914,2
2,1,2477,251,172,3226327,6,13517,1
2,3,3864,60,24,4884313,66,1698,0
3,1,1382,275,241,756724,9,15727,1
0,1,1704,129,204,3483837,68,15968,1
0,3,3389,209,358,2097539,23,6431,2
2,1,994,257,39,1437052,43,2431,0
1,5,3906,79,368,2802133,51,155,0
2,5,3185,66,347,3538553,72,11795,2
2,5,2907,48,340,3048582,25,5868,2
2,5,3471,298,436,3932067,80,9936,2
2,3,974,27,325,4495445,35,9975,1
3,3,1988,229,495,4386316,17,431,1
0,3,543,253,305,697084,18,10978,1
3,5,1596,292,458,4358080,27,4406,0
3,5,3219,83,422,2482498,15,5968,0
3,1,2019,119,339,3105379,81,1366,1
2,1,1144,189,229,767230,69,5504,1
1,5,2461,41,386,2100678,80,10944,0
0,5,2667,243,488,2369029,15,13157,2
1,5,1875,291,156,4507738,42,4124,0
3,5,812,34,268,37051,34,4854,0
3,1,2373,288,301,4678202,48,14861,1
1,5,99,235,308,3667279,83,15634,0
1,1,3479,66,152,3437005,8,956,1
1,5,2825,189,490,3853659,10,14940,0
3,5,955,241,434,2701502,5,7671,0
3,5,3025,296,244,3328708,48,712,0
0,1,613,73,124,4599798,26,13657,1
0,1,832,241,374,4568994,86,6768,1
3,3,2582,298,99,3079921,23,15027,0
1,5,3205,222,217,2023862,62,8704,0
1,3,3926,267,173,3988575,13,11144,1
0,3,3759,27,490,747447,9,15623,2
3,1,2090,184,93,678551,20,12922,0
0,1,1881,238,86,3596908,92,992,1
0,3,633,235,170,1213740,57,15001,1
2,5,1369,93,14,498165,24,8399,0
2,1,285,255,494,3733529,33,6465,1
2,5,2153,119,87,1719340,20,14188,0
1,5,1992,263,100,2561390,60,3359,0
3,3,409,97,96,1274871,48,1376,0
3,3,1980,81,279,1036702,64,10959,1
3,3,159,39,113,1886005,30,10910,1
3,3,241,181,461,3094348,73,10810,1
2,1,953,186,496,979536,17,11634,1
1,1,1166,148,348,606743,14,2156,1
1,3,911,203,184,741599,19,13719,1
2,1,2665,195,63,2247928,71,4849,0
1,3,1133,227,397,1198678,59,8889,1
2,5,699,173,487,2487179,67,11564,2
3,5,88,170,220,2958135,97,2988,0
2,5,3661,22,104,4420,44,2533,2
3,3,3170,98,232,4736332,32,12483,1
3,5,3541,51,18,3474135,11,11148,0
0,1,686,219,62,1014368,2,11267,1
2,5,1086,238,86,2641905,90,1425,0
0,5,85,284,215,4639952,68,15979,2
2,5,2198,288,325,4730244,17,7906,2
2,1,3915,260,311,2407967,81,10065,1
0,3,3207,217,319,3428043,92,294,2
0,1,3637,149,339,1266777,94,13921,2
2,3,3344,289,121,1309396,40,2398,1
1,3,1411,43,360,1236340,87,14823,1
3,5,2033,27,174,59541,46,9109,0
0,3,215,66,288,2107622,88,14485,1
3,1,2480,121,36,2666748,93,15110,0
1,1,1929,14,79,2233821,4,11103,0
1,3,3497,191,227,4357164,38,529,1
1,5,3592,22,459,3080676,63,10704,0
0,5,2887,294,374,1099053,29,14550,2
1,1,3763,268,198,2730701,19,1985,1
0,5,80,99,342,627754,91,14303,2
1,3,3496,113,444,296215,29,5807,1
3,3,60,195,315,2561971,35,11615,1
3,1,2061,259,133,3601867,70,11263,1
2,3,3423,264,28,4265864,23,11434,0
3,1,2193,85,266,780680,46,137,1
2,3,3311,117,305,3932294,44,9482,1
3,1,2550,165,425,3597436,48,8814,1
0,5,2289,91,31,3571714,52,9055,2
3,3,535,86,377,3485634,8,228,1
2,3,1339,267,486,1238087,55,9967,1
2,1,1497,136,459,1979649,66,212,0
1,1,3249,291,49,2885112,77,2690,0
0,3,2335,97,47,3255534,40,9247,2
3,1,1993,213,57,4822571,85,15579,0
1,3,3476,25,192,1084685,31,2398,1
3,5,2013,160,84,1367528,48,2471,0
3,1,3233,263,218,2834304,61,10997,1
1,3,1901,197,192,2474139,52,4348,1
1,5,1519,41,444,2604927,38,4192,0
1,5,1416,280,116,1386140,91,12800,0
1,3,3266,14,197,3568850,36,11983,1
1,1,3186,178,273,1419167,87,4553,1
3,3,3368,190,95,2562854,55,1267,0
1,5,2832,187,333,3213624,85,2524,0
0,3,1040,152,340,1153007,13,979,1
2,1,3611,257,465,416162,37,8008,1
1,5,874,136,146,1620884,47,8558,0
1,3,1512,272,355,3352066,90,1552,1
3,1,2203,49,395,2906745,71,470,1
1,5,2278,264,345,4223042,22,13630,0
1,1,2281,152,104,3548407,39,15890,1
1,5,275,249,335,4252457,87,5880,0
3,3,826,237,254,3885036,58,14097,1
1,1,2887,207,478,4256313,30,4408,1
2,5,1162,74,99,2984130,18,1499,0
3,1,737,20,68,485469,18,14551,0
2,1,579,117,412,3843640,74,5861,1
3,3,3492,35,37,3465143,39,8669,0
1,1,1021,160,81,4991533,94,7921,0
2,5,985,230,279,4267246,26,8638,2
3,5,1472,246,33,2216217,71,13577,0
0,5,2203,246,121,1325453,7,9037,2
1,5,1344,228,309,4641743,69,156,0
3,3,2048,160,494,3536054,65,4099,1
0,1,2928,132,65,1569366,46,8339,2
3,3,1576,153,483,683286,18,1953,1
0,1,728,198,232,685143,13,7699,1
1,1,3646,264,129,608648,25,3620,1
2,1,2946,77,188,3517250,8,11543,1
0,3,3153,113,297,4485735,74,5426,2
3,1,2490,168,443,1398636,32,92,1
1,3,89,99,434,1530275,17,6435,1
0,5,2757,265,459,1665069,79,1627,2
3,5,3339,229,290,233321,79,12432,0
3,1,3852,18,381,138837,48,6115,1
3,3,3078,21,198,445842,63,5935,1
0,5,1155,253,75,745067,40,12525,2
0,3,894,191,307,2240031,84,8626,1
0,3,1793,293,458,2108356,15,13156,1
2,1,2298,108,429,103903,99,11713,1
0,5,496,206,258,416874,6,3627,2
0,1,3965,235,85,4976279,94,3288,2
0,1,3549,112,146,1608850,63,5294,2
2,5,3159,115,173,2963906,8,9938,2
0,5,1284,67,242,1930827,95,2184,2
3,3,2541,87,264,4063175,32,3942,1
0,5,1400,84,485,2672744,45,10778,2
3,3,2858,51,303,1901600,52,4371,1
3,3,276,190,426,3467420,79,5826,1
3,3,97,42,179,3507319,82,10634,1
2,5,3139,80,326,1613850,13,14235,2
2,1,3009,65,183,4531543,24,12855,1
2,3,1512,114,479,1141170,40,15440,1
0,1,1880,209,354,351425,14,5878,1
3,1,3829,110,454,2076904,92,3865,1
2,5,236,265,27,2923329,75,345,0
2,1,2442,83,79,503939,70,463,0
0,1,2321,180,347,1223196,62,6006,2
2,5,2927,152,125,4337057,89,10237,2
0,3,2585,175,89,2332499,61,6328,2
1,1,1982,270,24,3567343,1,14366,0
2,5,2974,230,185,2784993,89,6718,2
1,1,898,92,465,4813585,66,15394,1
0,1,2082,191,278,2369410,32,8245,2
3,3,1302,19,128,827278,13,227,1
2,1,1463,13,308,740026,33,8987,1
0,5,1028,290,197,1344316,32,4404,2
3,1,1662,224,66,2726527,56,8893,0
3,3,1066,107,208,4450339,24,15474,1
1,3,2285,110,26,347990,91,5964,0
0,5,1931,18,443,1886249,4,5532,2
3,3,319,70,297,3837813,88,12131,1
2,1,1680,155,415,1448839,23,15426,1
2,3,359,72,64,1578127,29,3321,0
1,5,3253,130,450,2521908,98,6737,0
3,3,2093,235,278,2752691,21,15621,1
0,3,1624,114,312,3615670,30,10724,1
2,3,1145,269,96,2555137,90,5442,0
3,5,3914,264,327,28690,20,339,0
3,3,2942,216,447,3214274,16,9044,1
1,3,1745,37,38,341716,67,10772,0
2,1,3308,179,31,4746059,49,14359,0
2,5,2583,85,330,771878,58,8475,2
0,3,3312,125,294,656408,44,457,2
2,5,1495,78,57,2266202,25,743,0
0,3,2217,243,14,514672,23,1219,2
2,3,269,10,259,1000078,59,12899,1
1,3,102,176,172,4031272,1,10719,1
2,1,1807,227,211,705582,97,8673,1
0,1,1524,282,476,877038,15,7832,1
0,1,3533,260,110,1614511,81,13906,2
1,5,1716,183,80,1104183,98,10786,0
2,5,1310,179,439,1500202,81,9224,2
2,1,2855,255,172,3168724,52,11402,1
1,5,2835,99,182,1357742,58,3094,0
2,3,769,58,150,827580,41,5580,1
2,3,455,159,147,2451020,44,5042,1
0,3,2705,141,75,4057926,4,3974,2
2,1,3118,68,207,4434494,77,7020,1
2,5,2519,208,337,2107040,68,3362,2
1,1,2809,224,237,1793602,7,13115,1
1,5,2344,58,290,4103391,46,4368,0
3,3,121,241,181,4630717,9,14109,1
0,1,1903,256,325,1271008,87,1738,1
2,5,2282,248,440,2459237,33,517,2
2,5,2103,177,49,2377629,33,10858,0
3,3,1279,57,16,561643,84,9587,0
2,1,1617,60,183,231487,4,2472,1
0,1,3732,107,160,4849278,65,7329,2
3,1,3003,225,220,4662423,34,14912,1
0,3,436,186,311,2872042,91,4557,1
3,1,1841,89,95,4444738,85,14654,0
3,3,748,194,406,592952,88,4771,1
1,3,3197,36,262,4805745,79,5421,1
0,3,1250,204,30,3764632,99,9253,1
2,5,876,223,266,3968445,64,7591,2
2,1,1872,123,388,1305925,25,9919,1
0,1,398,251,412,951128,55,11939,1
2,3,1328,133,390,3984190,9,14835,1
2,3,3958,85,453,2549965,17,13139,1
0,1,3823,205,42,3975603,21,12308,2
3,3,357,53,269,4847936,60,10134,1
0,1,3466,195,243,2327837,13,13898,2
3,5,1200,255,12,4522912,3,13729,0
2,3,2010,93,356,136024,68,11111,1
2,1,2384,216,317,3072536,4,12592,1
2,3,815,160,498,4378577,92,1536,1
1,1,774,165,236,2742894,7,11581,1
3,1,2859,25,293,4319748,26,14511,1
1,3,1669,174,79,375319,75,9658,0
1,5,3608,154,463,2402756,24,13099,0
0,1,432,46,448,3300596,10,11088,1
1,1,3527,54,322,2260970,13,9599,1
0,1,2485,215,373,2578153,44,12302,2
0,5,574,71,480,3146743,39,12902,2
1,5,3678,28,263,3982917,19,9633,0
3,3,2736,16,490,1206605,51,9820,1
3,5,3035,258,153,606829,19,3799,0
3,3,3747,126,33,1434414,76,11867,0
3,3,325,77,462,2261100,52,8109,1
3,5,2597,43,434,717087,86,2553,0
1,3,2814,203,243,1096622,47,7905,1
1,5,386,64,342,3685833,30,13428,0
2,3,2023,275,184,4155238,46,11379,1
3,5,3029,51,341,1059335,76,7105,0
1,5,530,240,334,4477952,93,13956,0
2,3,960,19,366,2368803,21,11151,1
3,1,2046,137,168,1070626,75,10906,1
0,3,3394,188,357,2496188,48,449,2
2,5,3179,202,357,1974915,62,4432,2
1,1,1401,101,295,487383,58,12199,1
0,3,2083,240,27,3246881,18,10475,2
0,3,1804,87,53,3946747,59,14669,1
0,3,158,94,164,2329481,91,1589,1
2,1,3400,39,364,2674361,48,15035,1
1,5,3807,222,419,3585443,63,15076,0
0,3,377,58,386,3137938,12,8478,1
3,3,1849,274,240,2653880,87,7235,1
0,3,364,154,380,4119308,34,4960,1
0,3,3595,78,325,4834107,61,9169,2
2,3,1184,67,411,2426595,87,4559,1
2,5,2796,194,234,3891549,53,6101,2
1,5,830,71,226,1010589,25,6202,0
3,3,3350,175,65,1689367,62,8661,0
2,1,1570,180,40,4497389,4,4174,0
0,5,205,72,366,4153225,94,2445,2
1,1,1546,156,68,4937623,94,8902,0
0,5,1774,170,389,4271358,13,10865,2
0,3,3393,150,395,2599924,42,4000,2
2,5,936,106,362,570503,49,499,0
1,3,3123,230,432,3988636,78,429,1
3,5,2855,52,454,2257397,56,15084,0
3,3,771,117,244,1452187,47,14751,1
2,3,3632,275,116,3624687,8,9492,1
2,3,962,104,200,1993719,55,7335,1
1,3,3407,271,489,256931,88,10701,1
3,1,920,80,27,1209572,18,11240,0
3,3,62,228,410,1699875,35,12693,1
3,1,2705,30,235,4185094,89,2351,1
0,1,547,101,176,765948,81,7760,1
3,3,1806,136,80,825026,32,5842,0
0,1,2335,89,371,4461112,24,8968,2
1,5,1167,247,63,455377,7,9709,0
0,3,3459,191,254,653692,13,10970,2
1,1,2878,34,492,4134411,91,11394,1
3,3,1244,165,359,2955563,69,15455,1
3,3,2054,14,85,2639681,90,7266,0
1,3,2703,129,44,2930795,42,11762,0
2,1,2758,286,276,3734488,31,4955,1
1,5,1697,27,326,3089413,74,15816,0
2,5,1640,207,309,32346,26,6049,2
0,1,2946,66,130,3752212,86,11596,2
0,3,3033,102,333,4561899,76,14858,2
0,1,1540,28,34,4927788,32,8657,1
3,1,2725,202,441,1938916,91,7172,1
0,1,192,246,169,3295742,97,649,1
2,3,1274,286,93,1885175,52,7338,0
0,1,3301,236,123,823805,20,11316,2
1,3,2811,242,232,2078668,40,13677,1
1,1,3485,49,397,1903151,59,14845,1
3,5,2576,162,175,3148744,77,15636,0
1,1,614,136,200,964813,14,12416,1
2,1,2568,246,184,532562,44,7971,1
0,5,2481,64,10,3123895,86,1617,2
3,3,1765,181,396,4211052,82,15160,1
0,3,3023,118,238,1462967,48,1144,2
0,1,466,193,95,2751728,93,11185,1
2,5,1898,207,71,2525497,43,13558,0
1,3,2405,96,329,2093332,16,12395,1
1,1,2746,210,410,3922070,35,9689,1
0,5,1767,284,391,4612010,53,9734,2
3,3,1440,220,215,893055,34,10913,1
1,3,3122,127,114,173507,3,6241,1
3,5,1117,200,327,3877105,68,1508,0
1,5,2836,51,300,4418327,5,9450,0
3,5,1916,51,259,3491978,10,8096,0
2,5,1171,285,22,3863965,52,4984,0
3,1,3841,26,172,3035454,29,10454,1
2,5,1338,292,52,1366358,96,14088,0
2,3,3921,267,395,3214037,31,1404,1
3,3,1856,72,449,3307694,66,6523,1
2,1,2237,71,120,4127195,76,13482,1
0,3,1554,109,214,502775,91,8454,1
2,3,3358,28,393,186639,69,3944,1
1,5,3071,26,265,4061003,37,12844,0
3,3,1066,255,316,4905723,27,15962,1
0,1,1002,260,447,1841087,87,8082,1
3,5,3001,90,153,3530284,33,3013,0
1,5,121,48,155,2516962,68,11090,0
1,1,1740,45,400,3398477,59,14553,1
1,5,3311,206,310,4045070,64,3092,0
2,5,1341,167,173,1622671,85,13907,2
2,1,1394,213,178,4464588,88,7023,1
3,5,2204,205,487,876247,44,7189,0
3,1,3353,225,307,2298040,95,11276,1
0,1,3163,294,242,4361356,88,6980,2
0,3,3823,205,400,3653461,49,14812,2
3,3,932,161,280,3373325,53,1782,1
2,5,188,23,69,2714094,74,7920,0
1,5,2712,155,305,130101,49,5390,0
3,1,3804,66,476,1491496,66,5161,1
0,5,2960,220,244,4736589,95,3131,2
2,1,2370,277,174,657228,63,13481,1
3,1,1554,219,203,4704019,25,7852,1
3,5,2513,26,243,4554804,4,9512,0
2,1,2603,295,377,152633,51,7577,1
3,3,782,212,192,4080486,11,14270,1
2,5,1798,108,342,1084088,17,15630,2
1,3,3974,288,241,3116216,66,4918,1
2,5,473,218,370,3355195,70,1579,2
2,1,3528,138,116,2942449,73,1131,1
2,5,1641,297,387,2987977,69,8044,2
3,3,439,261,232,597432,84,3581,1
3,1,391,274,89,2795997,29,9393,0
2,5,995,280,243,4114853,85,9964,2
3,5,663,197,390,1166939,73,766,0
0,5,542,223,193,313809,92,6279,2
0,3,241,292,437,1775348,72,12441,1
3,3,548,220,194,4376979,95,10432,1
3,5,871,85,143,888743,20,254,0
2,1,1785,157,229,2265116,27,6834,1
1,1,1306,222,297,395969,8,12071,1
3,3,2018,118,373,856243,85,11351,1
0,1,276,138,211,1779219,61,4144,1
2,3,1444,19,379,3060867,28,5532,1
3,5,2236,56,155,2214889,87,5790,0
0,3,2953,105,333,2554188,70,9574,2
0,3,866,112,136,263968,3,7269,1
1,5,3270,155,466,3911433,69,10290,0
2,1,3236,36,144,643006,73,6204,1
2,3,1523,229,123,4524065,7,10091,1
1,3,1136,27,273,3511940,60,4892,1
1,5,153,176,73,4120586,4,14001,0
2,1,1924,91,144,4662322,5,8153,1
2,3,920,81,50,1781655,11,9479,0
3,5,717,263,305,2577970,15,2068,0
3,3,2092,171,12,3356213,64,5101,0
1,5,322,47,410,4467430,98,15140,0
3,1,1079,210,203,4138736,13,15965,1
0,1,3268,209,472,2517966,7,8759,2
3,1,2281,264,119,4341015,6,7885,1
3,1,1101,188,230,3740868,56,1488,1
0,3,1623,44,379,1059271,64,4136,1
1,3,3240,91,377,1342814,50,5177,1
0,1,342,229,445,1333907,30,2102,1
3,1,3492,167,415,654009,22,7579,1
1,1,3365,13,13,4826275,25,15079,0
3,3,3701,176,253,4714686,28,14497,1
0,1,3847,213,399,1618270,84,7197,2
0,1,3339,203,175,1009725,39,4418,2
3,1,2274,244,35,3143475,67,4567,0
2,5,3420,215,404,1500666,5,2362,2
2,1,3797,159,483,1894422,65,5627,1
0,5,2155,168,26,3510312,15,10501,2
0,5,1342,288,225,4089770,90,11391,2
2,1,357,175,101,236994,67,9023,1
2,5,3691,77,492,4036729,40,10955,2
3,1,3409,97,40,3351301,98,1294,0
3,3,1026,226,214,3877221,69,2466,1
2,3,3226,10,428,3207209,95,15343,1
3,3,1301,144,409,1811948,77,6540,1
3,3,1320,194,216,2388036,43,6218,1
1,5,2797,149,116,3643461,1,9217,0
3,1,1567,115,155,4882841,22,11733,1
0,1,2180,142,376,3793212,62,11667,2
3,1,1259,117,110,3708193,79,5889,1
3,3,2349,187,377,3212854,26,8658,1
2,3,1428,155,327,3465403,18,14900,1
0,1,1823,83,377,27119,48,8456,1
3,3,3993,117,250,643032,9,12220,1
3,1,1769,131,498,3305715,1,9377,1
1,1,2092,26,420,3542652,9,7147,1
3,1,845,205,256,4627269,23,12017,1
3,1,946,261,172,1094565,45,5059,1
1,1,2011,128,381,3955266,2,1632,1
2,1,259,171,182,1853139,14,14362,1
3,1,2913,207,44,3979713,38,12765,0
1,3,3929,54,293,1591745,40,8974,1
0,1,2706,188,368,353935,63,10988,2
2,1,2544,53,390,2167458,82,15971,1
0,3,2557,280,367,3559670,16,7926,2
0,3,1017,87,402,3024744,93,10505,1
1,3,521,187,469,3574258,75,12750,1
3,1,3841,12,408,4119273,6,12046,1
1,5,2467,223,30,2376646,3,2477,0
1,5,2997,83,317,3752413,14,5771,0
1,3,3613,60,172,543057,66,8473,1
1,5,972,76,499,4897913,96,4980,0
2,3,186,102,106,2724024,95,4403,1
3,1,416,185,316,1358085,75,7882,1
0,5,3009,154,348,313329,86,5425,2
0,1,233,16,64,1707722,67,452,1
3,5,3709,278,480,1805473,31,6617,0
0,1,3408,13,342,3541564,33,4915,2
3,5,2569,147,136,4755895,88,8196,0
0,1,1448,240,437,3166317,1,114,1
1,1,2751,97,202,2278546,44,2287,1
0,5,2846,26,252,4848828,15,7820,2
3,1,586,61,358,4613044,37,9191,1
3,1,3632,143,97,1845753,27,222,0
3,1,2899,220,345,616995,48,15144,1
3,5,1652,228,418,4155967,27,7985,0
3,5,1323,214,224,4183042,12,2725,0
2,1,3017,220,101,1365981,67,14946,1
2,1,2607,286,312,659197,30,9492,1
0,5,2727,33,473,1922097,96,11290,2
3,5,3099,13,244,2727465,87,15990,0
0,1,1146,161,193,3851919,66,4055,1
3,1,1355,268,47,221421,7,13749,0
3,1,965,177,148,3053911,34,6594,1
2,3,3481,185,204,1294073,32,8879,1
2,5,3131,65,24,1734456,39,998,0
1,3,3332,117,266,3569485,96,10502,1
2,5,3956,150,144,4091582,43,14438,2
1,5,201,164,10,2142549,43,15009,0
1,5,1078,271,58,2961669,78,1744,0
1,5,1268,282,105,1505137,3,13089,0
1,5,2027,241,210,278132,46,4807,0
1,5,3404,250,422,2006187,32,6332,0
0,5,2561,267,35,4353806,43,14803,2
2,3,3234,258,352,3572479,81,192,0
1,1,320,86,438,4394852,3,6051,1
3,1,1236,189,244,4020489,74,6702,1
2,3,509,75,358,3727248,63,15035,1
2,3,154,180,253,2142572,40,4631,1
1,3,3814,31,367,4811627,18,5137,1
0,3,3677,116,490,1246817,67,1510,2
1,5,3403,236,336,990862,62,3937,0
0,1,1760,225,405,3864545,10,14928,1
3,5,2259,78,360,2124120,52,8534,0
2,1,2448,93,425,3209236,73,9885,1
3,1,483,112,383,761151,46,15693,1
0,3,2949,48,413,4570883,55,10960,2
0,5,189,22,384,1134942,46,887,2
3,3,1544,190,60,3676754,75,9279,0
0,5,3253,277,90,1145000,60,15019,2
3,1,136,22,45,2827145,97,5896,0
2,3,1761,129,76,3749688,26,8513,0
3,3,2280,66,138,1713189,27,13386,1
2,1,2465,49,379,4770561,38,10200,1
3,1,178,137,164,4312590,22,2419,1
0,1,1319,182,254,3221756,26,9047,1
3,3,3722,44,120,936026,86,14042,1
0,5,1651,268,177,4233879,69,3224,2
3,3,719,14,490,1498060,35,6035,1
3,5,3499,227,477,606599,66,932,0
1,3,198,20,151,928906,99,15449,1
0,3,1034,126,365,997114,73,14620,1
1,1,901,193,206,4771773,51,9073,1
0,5,1506,125,480,4811064,18,13450,2
1,3,677,171,118,3042658,43,3221,1
2,3,3847,76,385,1655083,12,10433,1
3,1,1542,209,88,3028116,3,2090,0
0,1,2543,40,399,162554,82,13443,2
0,5,2094,84,170,180300,7,6782,2
3,3,3602,246,448,3754281,97,9836,1
0,5,933,75,28,1099702,6,6422,2
0,3,2391,79,136,3201842,82,9868,2
1,5,1838,29,214,4401726,45,6035,0
0,1,3264,235,38,714161,86,7612,2
2,3,299,208,454,122284,39,11826,1
2,5,2975,48,463,3461354,51,5950,2
3,1,997,154,216,1244045,9,8015,1
0,1,1024,54,473,4065972,99,5366,1
3,5,1375,100,289,1191866,23,8515,0
2,3,3146,247,160,1383311,12,639,1
0,3,2886,79,249,613529,88,10942,2
0,1,1033,175,275,2919306,62,8824,1
3,3,938,139,191,4499448,73,5113,1
2,3,2987,223,114,162686,77,3683,1
0,3,2167,98,434,542889,40,2040,2
3,1,2722,261,442,1667196,54,6565,1
2,5,924,81,410,1434974,81,15489,2
3,3,3233,174,449,4922207,7,1308,1
1,1,3485,58,245,4084746,17,13648,1
0,1,1376,61,182,3607556,50,2916,1
1,5,520,298,167,3031948,24,3788,0
2,3,2037,287,181,950014,2,621,1
1,3,140,123,467,293527,99,8786,1
1,5,579,248,320,1192433,92,13798,0
2,5,710,142,412,811713,83,4272,2
3,1,788,283,166,1425558,33,13070,1
1,1,2823,175,267,1109731,21,12754,1
3,5,921,252,173,4513761,74,687,0
1,3,1736,147,156,4188586,53,8282,1
3,1,241,88,400,3664681,46,4932,1
2,1,2036,179,163,3930605,45,15878,1
1,3,3673,132,472,4714289,9,4442,1
2,1,3363,185,376,3572194,6,9862,1
1,3,2235,91,47,819408,51,3722,0
2,3,394,96,140,2765503,35,12379,1
2,3,3301,234,367,3251133,82,15017,1
1,5,1058,25,264,3724760,53,15688,0
1,5,3833,172,217,1989813,19,15868,0
1,5,2600,107,459,2761620,69,12370,0
0,3,252,165,104,2342978,25,9541,1
3,3,622,11,357,3400584,11,15050,1
0,5,241,178,336,4959011,74,7307,2
0,1,2102,101,487,520637,17,4761,2
2,3,1963,190,180,1033018,36,13285,1
1,1,3358,240,259,3474388,90,5693,1
3,1,1766,157,199,689722,95,209,1
2,3,360,289,208,4703714,96,10194,1
0,3,2646,198,493,1794493,21,14843,2
1,1,2153,137,230,659561,18,9973,1
2,1,492,16,33,3383958,60,10688,0
1,5,1310,56,253,1682821,18,5988,0
2,5,919,62,432,3414553,1,14135,2
1,3,3982,196,333,2145022,14,11404,1
0,5,3318,47,137,4061556,8,9974,2
3,5,634,235,102,2311480,66,630,0
0,5,1644,62,309,1903211,51,15875,2
3,5,2849,233,142,2257376,79,8461,0
1,1,1587,163,64,1623925,60,7636,0
2,3,3570,57,486,4777827,34,4524,1
0,5,409,156,167,1585081,36,9991,2
3,1,1773,73,38,2408647,62,7123,0
0,1,2916,191,419,2512022,1,9712,2
3,1,2127,134,220,1241962,85,5109,1
0,5,1852,188,163,1313128,42,13507,2
3,5,2061,48,302,1789144,1,4378,0
3,3,2205,269,484,108042,96,1444,1
1,5,893,12,231,4963317,84,971,0
3,5,1675,73,124,3328372,54,14619,0
1,1,2814,38,446,3074454,47,2823,1
3,3,940,20,167,3641625,39,4512,1
2,5,2041,106,268,4828860,30,4626,2
2,5,2032,212,260,2032143,7,13934,2
2,1,1009,30,131,3172050,22,3484,1
3,1,1518,48,308,1953512,50,6783,1
1,5,2990,232,272,1894223,45,11824,0
1,3,1511,111,390,2005358,74,9360,1
3,3,781,55,58,692572,72,1915,0
2,1,655,75,386,2192987,91,14372,1
2,1,2554,100,338,3401755,10,12553,1
1,5,664,173,306,74079,14,774,0
2,1,3856,120,371,1736676,46,14177,1
0,5,2795,132,86,898165,75,761,2
1,3,2054,202,472,3153981,6,14225,1
2,3,1769,108,447,4274615,21,7760,1
1,5,3616,168,136,2917397,62,10067,0
0,1,723,112,206,982835,97,12168,1
1,3,1320,290,230,3738609,19,5130,1
1,1,2640,52,492,955940,88,13496,1
1,3,1637,93,100,1199061,82,13444,0
1,5,2954,200,420,2324985,99,440,0
0,5,1661,60,17,4758077,62,9312,2
3,5,946,219,41,1248880,83,4537,0
1,3,1512,135,477,1363617,53,11007,1
1,1,327,78,329,1054580,24,12722,1
2,1,601,274,403,2055321,56,10670,1
1,1,1686,267,278,3454796,62,15486,1
2,3,2208,197,200,1038140,34,13620,1
3,3,2482,239,358,1617419,22,8166,1
0,3,3954,198,172,891648,68,6797,2
0,3,810,19,70,179475,57,13271,1
3,3,3312,123,447,2396661,10,6116,1
0,1,3611,85,273,4556081,66,4544,2
3,3,2791,173,294,3728303,8,10389,1
3,3,1499,94,104,3467948,97,3622,1
3,1,454,58,50,3787491,38,12720,0
0,3,1408,186,423,3091007,62,10996,1
2,1,1282,227,479,51151,28,11505,1
3,1,71,198,158,4557313,10,15989,1
1,5,727,239,213,2655981,45,12067,0
0,5,2708,264,276,73847,65,7819,2
3,5,2078,245,11,2840611,98,11658,0
3,5,1281,35,187,2309963,67,10299,0
1,3,2105,81,434,3024946,9,2361,1
2,5,2799,270,203,494570,5,15677,2
2,1,3808,263,491,977446,10,11121,1
2,3,1858,280,396,3884755,12,6823,1
3,5,578,132,345,4618663,82,6955,0
3,1,2087,153,444,3496652,58,3692,1
3,3,2699,266,205,693101,21,6388,1
0,3,1726,153,352,3566842,21,2659,1
1,5,706,268,258,4712953,65,9672,0
3,3,215,56,221,100919,3,15705,1
1,1,898,22,162,3521726,69,10155,1
1,3,545,217,167,1266322,89,6290,1
2,1,639,244,475,3340748,64,14847,1
0,3,478,158,371,3732784,49,7856,1
3,5,2871,164,148,3545450,72,807,0
2,1,212,175,230,4740197,17,10376,1
2,3,2463,99,282,2701030,73,5136,1
3,3,3647,195,163,1849523,32,6270,1
1,3,1312,183,258,1398931,70,10154,1
2,1,121,226,288,432838,21,9981,1
1,1,3566,273,449,1852608,7,5652,1
0,1,704,106,445,1988881,7,11459,1
1,5,3943,126,313,1709365,27,12998,0
0,5,3630,208,285,660966,8,14366,2
1,1,3916,30,11,3785396,73,9376,0
2,3,318,209,97,4890798,28,6171,0
2,5,1826,257,296,4135129,79,11954,2
0,1,2512,285,420,4351851,66,9006,2
3,3,1318,273,139,1201761,71,2775,1
0,5,1065,67,87,3822099,47,3418,2
0,3,2772,40,269,4251050,82,3547,2
1,3,1133,258,250,4056235,86,8224,1
1,3,55,102,150,3844941,10,9914,1
0,3,3830,274,237,2266545,33,15176,2
2,5,1031,280,172,594167,7,11647,2
1,5,2667,103,245,1771358,3,5692,0
3,5,3938,163,137,4990320,14,8824,0
1,1,456,294,209,649843,44,4816,1
1,5,3338,89,459,3502174,46,14089,0
3,3,2003,93,399,909840,61,4683,1
0,5,2123,46,40,791023,36,1871,2
3,3,3936,241,147,4836461,13,1235,1
0,1,3126,102,30,3163466,16,12767,2
0,3,1035,111,243,1183279,80,1687,1
0,3,3653,175,211,1722841,5,7286,2
3,3,439,168,288,1592920,89,10422,1
0,1,759,23,140,3911762,38,8430,1
2,5,2668,234,425,3725434,50,1796,2
3,5,1521,82,157,824622,38,12068,0
2,1,803,258,467,27014,56,5847,1
0,3,2243,100,38,3144889,63,8139,2
1,5,1461,225,370,1777935,48,2670,0
0,1,2882,99,317,3910005,90,12187,2
2,5,1322,38,380,4376654,59,10568,2
2,1,575,229,439,2886364,77,7647,1
3,3,1535,224,171,485859,44,13986,1
1,5,2110,230,366,715618,90,14927,0
3,1,3000,51,349,4685643,55,8052,1
2,5,2481,144,70,43192,55,6157,0
0,5,605,51,134,892307,1,9426,2
1,5,2984,173,465,1009008,8,2843,0
0,5,3520,292,80,1410849,4,11188,2
0,1,68,67,335,44923,85,2550,1
1,3,624,34,404,1663060,86,15274,1
3,1,3612,82,373,3530619,53,13188,1
0,1,2848,138,475,2850896,58,8411,2
2,1,1053,96,252,2693468,37,4975,1
0,3,2516,162,499,948226,49,10987,2
1,5,3458,191,258,767751,67,1130,0
1,5,2516,134,230,4860648,19,9505,0
1,5,1988,76,482,2064632,1,4914,0
3,3,1989,15,456,2977760,29,4503,1
0,5,1685,134,30,3874416,87,2298,2
3,3,1748,62,396,2544071,33,14829,1
3,5,2219,75,91,4334087,52,12150,0
1,5,481,91,353,3756564,41,15212,0
1,1,2141,96,376,1542661,23,1375,1
3,3,1945,11,495,4690491,5,11419,1
0,1,1993,213,19,3796109,71,3923,1
2,1,1390,159,420,1902563,57,10390,1
3,1,2478,112,21,3498720,6,13458,0
0,3,194,33,272,2892838,49,1738,1
1,3,3448,221,154,4582858,22,3035,1
1,5,2460,74,458,2851467,77,2126,0
0,1,1123,218,201,2568488,76,9771,1
2,5,1138,260,259,3354800,4,15050,2
1,1,2452,126,123,3394757,72,1511,1
1,3,849,125,35,3355775,64,9644,0
1,3,3285,246,280,131509,37,122,1
0,3,3262,114,42,2860224,31,12591,2
3,1,2923,268,71,2625713,37,12276,0
1,3,1201,55,238,540618,45,6080,1
3,1,2495,225,312,2250718,90,4661,1
2,5,2006,33,104,2698862,8,2846,2
1,1,2977,44,44,909521,40,7767,0
1,5,512,33,202,4212,97,13381,0
2,1,1824,37,465,233131,93,13986,1
1,5,2095,25,85,477657,5,14920,0
3,3,3957,68,388,1661458,28,4566,1
0,5,857,252,258,639093,81,2543,2
3,3,236,216,92,3491513,87,13216,0
0,3,1793,280,34,1836647,9,4281,1
0,5,781,258,66,326737,2,3626,2
3,1,1985,276,41,3658892,63,8150,0
3,1,1263,202,328,1405619,96,13662,1
3,1,1461,227,21,2888320,51,5778,0
3,1,478,124,328,4848363,31,82,1
2,1,2955,77,342,895030,7,10936,1
1,3,1357,84,101,3654980,30,14128,1
0,1,3985,112,10,3362661,58,4423,2
3,3,2334,187,444,3466461,3,14518,1
3,3,1267,224,335,4916471,51,13087,1
3,3,1360,48,145,1330134,56,3648,1
2,5,820,268,205,2682971,73,14511,2
3,5,807,213,142,4702713,10,2442,0
3,3,185,16,482,2795937,61,12354,1
3,5,841,58,95,4747176,50,11113,0
1,1,3904,35,485,4764375,47,6755,1
2,1,220,170,304,1744745,90,6840,1
3,3,2256,185,288,4904991,1,2727,1
0,1,2298,88,333,4844086,94,1451,2
0,3,3608,11,189,3786830,57,867,2
0,3,1630,141,13,251139,38,6253,1
2,1,1011,285,135,1966760,62,9902,1
2,5,3897,126,184,501228,79,4612,2
0,1,2680,173,260,1747197,89,4773,2
3,1,3625,297,30,4208884,70,2488,0
2,3,925,37,494,779639,82,11225,1
0,3,2468,10,449,3492318,65,6878,2
0,3,152,197,114,4664272,62,1260,1
3,3,1051,65,75,4973863,56,6691,0
1,5,1198,44,452,2013191,67,649,0
2,5,3434,121,272,1533239,17,14076,2
3,5,3073,295,58,606262,8,5530,0
0,3,2895,45,25,2311317,60,1896,2
0,3,1531,226,154,4600731,40,10097,1
3,3,3351,89,349,4647505,81,6642,1
2,5,707,92,259,3936806,89,7911,2
1,3,2979,74,352,711731,62,1937,1
1,1,1270,137,363,3919139,41,729,1
0,1,2830,31,84,2403112,12,3302,2
2,3,472,225,299,3236188,93,1885,1
1,1,2669,116,426,1355832,89,12272,1
2,1,3731,118,291,3197776,54,2227,1
2,5,220,190,75,2021991,89,8192,0
0,3,3503,173,134,3978912,93,198,2
1,3,2270,77,328,2094787,11,1545,1
3,5,2760,189,96,1023805,60,13155,0
0,1,502,190,50,945793,68,1794,1
1,1,2447,178,479,4502236,78,1696,1
1,3,2025,31,195,2622485,46,3045,1
1,1,1707,75,363,1581622,38,6693,1
1,5,2591,30,389,3926413,61,9914,0
1,5,2717,109,344,912508,17,13716,0
2,3,3125,112,275,1728373,66,10181,1
0,5,3214,56,280,3821673,72,7428,2
2,5,3016,48,51,141926,36,8899,0
3,3,2103,294,102,184148,74,3717,1
1,5,337,99,194,844382,7,9295,0
0,5,1691,94,224,2770861,16,12313,2
1,5,3267,282,26,495496,14,626,0
0,1,3904,197,453,4214759,80,11337,2
2,3,1497,168,274,4808144,25,11273,1
0,3,1963,252,123,383605,4,13060,1
3,3,657,82,301,4760076,29,14607,1
3,1,506,58,466,948719,56,14987,1
0,1,1814,110,473,2756916,6,13979,1
0,3,1275,11,301,4363636,1,4829,1
0,1,1285,253,57,3247375,39,8237,1
0,3,1079,185,316,3736658,1,13079,1
3,1,2721,247,106,3882819,63,3022,1
1,5,2473,68,384,833441,57,7806,0
0,5,496,108,104,3781895,67,14965,2
0,3,884,11,335,4463028,65,3998,1
3,1,3227,252,83,902334,65,6594,0
3,1,3772,220,345,1744579,21,2095,1
2,5,860,132,77,4946849,30,12178,0
0,5,1474,238,255,128319,96,11190,2
2,1,3217,91,415,513193,33,1677,1
3,1,1461,153,86,1528965,48,14897,0
3,1,1008,149,217,4302264,22,14473,1
1,1,1525,38,381,40015,94,1538,1
0,1,2946,279,263,729165,54,12387,2
2,1,858,256,230,933478,4,12440,1
3,3,1028,21,271,2575660,87,12705,1
3,1,2513,115,419,1835927,55,9177,1
2,5,775,41,340,934671,44,3613,2
1,3,3625,83,353,3452020,89,11871,1
3,1,2551,180,486,2825665,12,9956,1
0,5,3412,78,268,4941659,81,1852,2
3,3,3655,146,317,3007374,79,15677,1
0,5,1266,109,83,1922086,74,9662,2
2,1,2247,155,134,4315198,99,15729,1
0,1,1953,18,197,2688279,52,3641,1
2,1,2856,71,263,1079332,93,3570,1
0,1,828,194,456,4863347,76,5946,1
2,3,1022,38,330,1230133,65,7693,1
0,3,2860,123,317,1278879,65,7091,2
1,5,3099,152,244,4150658,10,15999,0
0,1,1588,129,483,675075,18,15294,1
0,5,1466,179,259,988601,47,3361,2
1,3,3437,166,341,4686903,66,2355,1
3,1,2173,269,407,4690587,49,7925,1
3,1,648,91,354,2715383,72,10237,1
0,3,3391,251,81,743476,22,2017,2
1,3,274,181,244,4139937,86,8059,1
0,3,1603,240,333,4343492,26,11956,1
2,3,2210,217,165,562032,90,12277,1
2,3,2348,84,464,3627523,9,12727,1
0,1,3354,279,403,3787088,21,5512,2
3,3,890,123,124,2493492,95,13110,1
3,1,1864,71,322,2334180,63,6947,1
0,1,763,111,237,1056752,6,3508,1
0,3,1156,219,331,3923381,14,8635,1
2,3,174,264,355,1507610,33,4828,1
3,1,3296,29,254,4708915,71,3780,1
0,3,1142,67,315,1094753,24,4415,1
2,3,3168,121,23,3672013,73,12486,0
3,3,2981,205,25,2550698,75,7597,0
1,5,1329,101,447,497184,87,13148,0
2,1,1800,61,436,1035549,51,77,0
3,5,79,17,51,2345591,2,15558,0
3,3,2378,107,474,4839995,15,3541,1
2,5,3021,245,119,4075463,35,6473,2
1,3,2067,78,287,96287,36,5351,1
2,5,3358,54,333,3266302,92,12503,2
3,3,3369,146,28,2878903,39,6210,0
0,5,2465,243,75,1397167,4,1223,2
0,5,544,41,176,4042682,64,388,2
2,5,3146,298,82,3595909,74,9310,0
3,1,1659,135,412,1392864,6,15911,1
0,5,767,76,409,4159433,57,891,2
3,1,3611,39,319,1242165,30,12526,1
2,3,1066,123,418,2454611,99,12988,1
0,5,3615,213,121,4684024,74,15470,2
3,3,1387,38,283,1053666,96,343,1
0,3,655,140,416,1467737,67,10099,1
2,5,424,194,382,2101895,90,15442,2
3,1,2736,262,94,1080500,15,9564,0
0,5,2010,295,148,3287996,17,6608,2
2,3,1098,71,48,4063320,91,1697,0
0,3,1407,12,114,1679176,18,4948,1
0,5,3476,77,333,3477732,19,11862,2
1,1,165,34,290,959904,76,4576,1
1,1,2145,188,456,2838689,88,5664,1
2,3,3859,150,489,230602,69,15509,1
1,3,1851,240,423,3489271,24,11336,1
2,1,2196,172,438,2936137,91,11733,1
1,5,1532,139,132,4350487,48,11737,0
0,3,1596,255,227,3784582,30,12824,1
2,1,1670,181,386,3404171,15,3851,1
2,3,2502,73,70,4127315,47,8330,0
0,5,3335,40,109,4769614,44,7426,2
2,1,734,56,316,3805287,98,12608,1
2,3,3000,139,363,3332838,27,10198,1
1,5,2600,119,402,589829,84,14110,0
2,3,3842,78,213,3253696,64,949,1
3,5,1521,67,267,3023927,41,3527,0
0,5,2991,115,495,4663608,96,1794,2
1,1,1649,265,14,1981343,68,12615,0
1,5,2355,180,455,4659455,5,6146,0
3,3,2941,171,206,3337460,53,2303,1
0,5,2218,295,189,1246175,8,11903,2
0,5,859,80,351,3475484,22,11202,2
1,1,1027,264,142,139307,7,14713,1
2,5,2151,64,452,1138333,22,1683,2
1,5,3116,12,333,2987369,46,7051,0
0,3,1404,35,262,3400928,30,7070,1
3,1,833,135,274,3049558,16,9103,1
1,1,290,62,102,1597509,79,8199,1
0,1,1828,207,159,3602817,5,14721,1
1,5,1603,197,420,4151450,67,4751,0
2,1,532,195,147,1769494,23,6785,1
1,5,1062,213,217,325377,61,13399,0
1,5,236,20,499,1204049,74,1063,0
0,3,1931,155,134,795203,5,3349,1
0,3,2753,94,243,473650,23,1556,2
0,3,2359,109,70,2462897,79,11447,2
1,3,1002,113,316,3632548,82,4853,1
2,3,1437,55,275,3541886,25,1027,1
3,5,540,53,143,3822476,8,11703,0
3,5,480,287,327,3009808,95,1867,0
0,1,288,190,122,4776634,21,11926,1
0,5,2401,196,398,841172,2,12300,2
1,5,2395,123,387,1620888,22,14810,0
3,3,125,264,463,1728386,72,10876,1
0,5,3821,39,200,273201,87,4951,2
2,3,1406,273,388,4943913,96,13871,1
2,1,1973,107,449,796415,72,13057,1
0,1,3096,124,196,4739587,68,11908,2
0,5,1831,285,328,4309891,64,15836,2
3,1,2739,290,376,2845140,94,9190,1
3,5,3595,284,98,471897,19,6848,0
1,1,876,270,196,1088462,87,523,1
3,3,2380,216,316,4290453,82,617,1
2,3,640,220,443,4813612,53,11674,1
2,3,2169,224,141,3673689,93,12265,1
0,3,3384,49,369,953394,87,8016,2
3,5,2800,35,132,3656694,97,2308,0
1,1,1952,36,57,397904,52,8170,0
2,5,1960,199,297,4955310,47,15588,2
2,3,624,92,385,2999163,82,13419,1
1,5,3097,179,188,4166666,54,11386,0
1,1,941,176,189,4740233,44,4360,1
2,5,2109,197,108,426716,97,13237,2
2,1,190,178,339,561085,7,14139,1
1,5,1839,298,43,3454822,92,2032,0
2,1,3676,238,429,1676203,1,1146,1
0,1,66,106,79,4598158,63,6660,1
0,3,1136,25,180,182136,98,13632,1
1,1,302,288,375,3400029,39,3620,1
3,3,514,144,281,2492807,19,6547,1
1,3,425,35,68,3010198,31,13595,0
1,3,1877,21,190,1808853,77,11632,1
3,5,3078,81,28,923879,24,15428,0
3,5,569,142,235,3927365,69,10914,0
3,5,1910,115,482,2597496,87,3696,0
0,5,139,229,104,1750033,83,2469,2
2,1,769,186,378,2994518,65,4329,1
0,1,2901,291,306,1627140,33,11590,2
2,5,2893,142,90,4464376,59,723,0
0,1,679,31,184,1006520,33,2852,1
2,1,1934,278,231,3988469,32,7362,1
0,3,3296,170,112,4401023,59,14019,2
3,3,125,116,63,4891552,92,15490,0
1,3,3734,288,192,4311500,41,2419,1
0,3,975,244,360,1058980,12,4580,1
2,1,3784,27,412,1476431,73,1116,1
3,5,2497,251,327,2551966,11,5482,0
0,1,1855,126,364,2033479,97,8123,1
0,1,1019,295,358,3784203,19,14678,1
3,1,1144,291,452,897881,54,737,1
0,3,2078,153,330,1601548,57,13225,2
1,3,3301,214,77,1642455,42,118,0
0,3,3245,48,37,4928386,98,10345,2
1,5,1454,163,283,265826,71,6824,0
1,1,3414,185,291,2005126,31,15613,1
3,5,2894,250,369,2865621,52,469,0
0,3,244,143,412,3692848,2,12240,1
3,5,277,55,320,1646589,83,14952,0
0,1,3552,59,128,2226283,38,10839,2
0,1,1509,175,389,1095096,32,12580,1
2,3,3908,115,450,326063,10,15610,1
0,3,510,225,143,2686882,8,6941,1
3,5,667,155,138,3932041,90,5643,0
1,3,3142,81,17,1752434,94,14912,0
0,3,113,282,490,3518559,75,14017,1
2,1,2262,256,60,4717789,20,10366,0
3,3,2124,195,350,1915461,20,6154,1
0,3,3432,79,481,2549105,9,13839,2
3,1,3109,159,290,3437262,72,3942,1
2,1,334,255,184,4729839,15,489,0
2,5,1733,271,192,1764655,98,9528,2
3,3,2378,35,201,1477470,88,1258,1
0,1,887,149,258,4676322,97,9320,1
1,5,880,108,244,517456,63,13669,0
2,5,1237,287,92,936510,91,2613,0
0,3,3015,60,102,4748262,21,7516,2
0,3,273,160,382,1543549,5,11865,1
1,5,833,113,403,3083207,35,1303,0
2,1,3267,98,321,3156964,85,15786,1
2,5,3062,150,277,2133720,68,11599,2
0,3,999,222,426,4124546,48,3259,1
0,1,3989,242,129,3778343,80,3599,2
1,1,3151,192,80,4451049,95,664,0
1,5,94,260,26,2470484,90,3128,0
2,3,1860,18,262,2583271,62,10965,1
3,5,520,88,454,4473800,35,3540,0
2,5,2131,61,131,1699585,70,3593,2
0,5,2750,278,389,4454595,97,8152,2
2,1,3548,235,19,4634170,21,12757,0
3,1,879,60,296,4598866,80,1950,1
1,3,1959,195,325,2778668,39,12613,1
3,3,2318,43,335,2154056,34,5730,1
3,5,1941,239,282,1981115,15,6801,0
3,5,2631,140,315,909573,6,14956,0
1,5,741,129,302,523247,66,5912,0
3,3,1440,256,219,347300,88,1762,1
3,1,981,201,455,4461624,56,14475,1
3,1,890,219,227,625747,49,2379,1
0,5,3864,112,250,1235498,92,11861,2
3,5,3108,142,383,3284629,1,1244,0
1,5,1988,148,473,494406,65,6831,0
3,5,1623,130,209,1809711,28,8212,0
3,3,2679,103,225,2319890,20,4956,1
1,1,3237,138,214,905890,48,1428,1
3,5,2336,100,422,2576228,72,15613,0
1,3,3456,101,425,4051338,65,9554,1
3,5,2538,72,225,243726,90,11157,0
1,5,197,38,89,722202,51,14847,0
3,1,1082,219,276,3575787,43,799,1
3,5,1361,21,489,707168,49,5342,0
0,1,437,139,399,466996,25,350,1
0,1,3171,182,388,1399962,74,4745,2
3,1,1923,217,44,3980062,76,12224,0
3,3,3638,33,298,1344763,41,4674,1
2,3,965,108,27,860299,71,14525,0
1,1,1928,148,174,2437385,64,3887,1
2,5,2735,183,22,1539668,61,327,0
0,1,3708,38,211,980581,12,13000,2
0,5,3798,152,238,3813661,81,10800,2
0,1,327,51,355,2970554,69,13707,1
0,5,2027,217,375,1336184,14,3967,2
3,3,1909,201,474,1485632,34,7357,1
0,5,3086,169,457,2740963,48,2211,2
3,1,3421,73,10,1594526,61,12917,0
3,3,1875,252,328,4999964,81,13868,1
0,5,2686,267,226,4780313,35,1439,2
0,5,1883,161,43,4663543,65,8932,2
1,5,2746,224,368,1810875,59,4782,0
2,5,667,175,275,867572,36,3518,2
0,5,1680,40,137,3098619,79,10090,2
1,3,2232,241,221,186846,19,6191,1
1,3,629,291,272,3419258,42,13160,1
2,3,1220,38,321,602516,69,6019,1
3,3,539,204,89,3137676,19,13212,0
0,1,2575,265,174,3293025,39,3866,2
2,3,1232,290,422,3556637,69,9181,1
0,5,433,96,261,3481069,52,14020,2
1,5,212,158,21,4238325,12,5087,0
1,3,2538,258,410,4576363,83,11424,1
3,5,1926,292,313,2247485,47,6044,0
1,3,1262,207,221,421594,76,14743,1
1,5,2512,53,291,3001758,36,11551,0
2,1,1412,37,121,930441,63,10292,1
0,1,1680,26,220,3213058,76,9988,1
0,3,1254,136,387,703726,82,2501,1
2,3,337,177,248,859754,51,74,0
3,3,1907,253,277,2667753,43,6012,1
0,5,236,85,414,2332881,34,2606,2
1,3,1957,240,307,1338752,97,15081,1
0,1,1211,213,326,1534755,49,7682,1
1,5,179,257,67,1042431,18,110,0
3,3,2291,223,447,3994870,61,7725,1
2,5,2413,224,43,3495029,57,172,0
0,5,3906,167,272,443037,93,5666,2
2,3,1937,78,374,4223669,5,10344,1
0,5,193,94,44,3678264,89,1236,2
1,1,65,276,280,3151097,24,15359,1
2,1,3423,78,458,2555131,93,14060,1
0,5,2520,108,483,1864613,64,5208,2
1,3,294,225,236,1885624,59,7914,1
2,5,976,170,34,2464015,38,13444,0
2,1,3228,103,243,1606919,33,9972,1
0,5,3209,183,68,3870819,10,12883,2
0,5,2226,174,260,2058067,37,4139,2
0,1,956,124,344,270594,97,14498,1
1,5,936,229,95,2571419,87,2522,0
0,5,390,40,260,51272,11,11207,2
2,3,2101,20,399,1054886,24,10519,1
2,3,3448,139,189,487160,88,12329,1
0,1,1483,114,216,4177432,71,7500,1
0,1,355,36,353,741176,21,3014,1
3,1,957,236,158,4277945,20,8154,1
2,3,2704,11,80,1589321,10,1360,0
1,1,3842,110,130,2140463,89,8396,1
3,1,3346,30,262,4068212,47,2262,1
0,1,1421,67,102,1493669,47,15347,1
0,3,3089,189,265,360571,15,11495,2
2,5,370,29,263,2491390,44,9504,2
0,1,608,264,361,788560,62,6842,1
1,5,1254,47,297,2147081,6,9604,0
2,1,2715,157,318,4991544,66,9179,1
0,5,2808,34,68,2544250,76,8753,2
2,3,1459,130,78,3448822,4,13269,0
0,3,1691,35,455,84576,23,14651,1
0,1,3913,178,397,2118709,13,8428,2
0,5,3893,234,95,2644265,81,15449,2
1,3,1181,10,283,4231384,31,1895,1
1,1,2628,270,236,4175865,16,7710,1
2,1,2507,22,90,3929831,41,1752,0
0,3,3417,57,123,1978247,90,440,2
0,3,867,103,193,4689148,92,13621,1
1,1,1244,270,289,1616271,1,704,1
0,5,3452,287,331,3267011,12,5885,2
1,5,2590,214,406,4208642,56,4321,0
0,5,3316,194,327,601577,50,11063,2
2,1,61,184,63,179982,20,9005,0
0,3,244,78,408,4064189,66,3450,1
0,1,2587,113,206,3019110,36,13268,2
3,3,2892,255,396,3495412,79,5369,1
1,5,2978,170,302,4125029,38,13048,0
0,5,2279,209,302,3641503,22,11509,2
0,3,3059,225,494,4639157,61,15211,2
3,3,3938,221,396,4856013,50,6782,1
3,1,705,25,456,827395,96,6724,1
1,5,1971,214,300,600223,59,1135,0
3,1,3437,48,189,3860880,20,5496,1
2,1,2791,98,480,2898270,36,10171,1
3,1,2127,265,389,1113104,97,4426,1
2,5,1669,263,421,1673675,15,2013,2
1,1,3799,225,231,509907,62,10027,1
1,1,3917,181,283,3431659,3,10516,1
1,1,3914,146,387,933280,93,10928,1
1,1,1169,187,253,378757,91,5227,1
1,1,3502,86,429,2810939,5,11210,1
2,1,827,197,426,3931157,56,4622,1
2,5,493,24,457,3251615,31,7593,2
1,1,347,223,163,3207814,86,8957,1
3,3,857,217,313,2986815,35,292,1
0,1,1810,178,433,3402222,71,6560,1
1,1,894,289,282,2607041,70,13273,1
3,5,1065,155,433,3734324,26,3965,0
0,5,1434,272,144,2376093,1,9765,2
1,3,1447,13,322,4166767,83,887,1
1,3,603,99,17,3414174,7,3373,0
2,5,2400,69,137,2554540,36,3003,2
0,5,470,25,382,4757651,76,9587,2
0,1,1319,236,65,4327284,84,10665,1
3,5,3841,38,135,3620603,87,10270,0
2,3,1310,160,168,2242101,25,1482,1
2,1,3655,254,68,3102627,94,6904,0
2,3,234,279,67,2277632,59,7705,0
2,1,517,88,149,3235499,61,14728,1
0,5,2851,298,185,92665,29,8481,2
0,3,2460,162,424,3976220,95,8380,2
1,1,1356,286,117,3950349,18,11435,1
1,1,1626,288,220,1964439,41,8661,1
2,5,385,66,456,1659931,19,13922,2
2,5,2259,195,83,2835503,4,353,0
2,5,3281,102,176,4466108,65,2212,2
1,3,1547,285,469,2582243,41,6536,1
3,1,3722,167,413,4325213,15,13612,1
3,5,3443,284,366,2547210,54,10268,0
1,3,2109,190,313,4335992,64,4152,1
1,3,1497,86,242,1125552,72,6924,1
1,3,3194,160,336,1229386,15,15998,1
1,5,637,247,381,3421979,79,10468,0
1,5,1931,298,191,3765198,50,1218,0
1,1,250,240,131,4474391,22,465,1
2,1,571,27,343,1921759,18,10955,1
2,5,1937,82,212,2632550,80,13482,2
2,3,2602,198,464,2597016,2,5293,1
2,3,3859,26,38,2054171,36,199,0
1,3,1761,28,211,1328182,20,10686,1
3,1,837,228,102,3488104,16,6574,1
0,3,3160,129,338,710441,67,5949,2
1,1,109,110,365,447015,30,888,1
0,1,627,43,185,2689007,55,6194,1
3,3,370,93,339,2580669,66,9938,1
2,3,1508,205,220,3853312,99,12581,1
3,5,3757,211,193,3988400,26,10152,0
1,5,3797,20,104,4344244,57,9663,0
2,3,3529,227,282,994477,69,13612,1
1,1,2087,262,146,2441285,2,13216,1
2,1,972,231,246,3168950,56,15985,1
0,1,1459,89,362,4275098,84,7516,1
0,1,1744,16,427,1637788,62,15145,1
0,1,618,281,438,4819446,34,11243,1
3,5,1151,236,481,4011673,98,1370,0
1,3,3315,25,274,785326,56,13314,1
3,5,3406,21,144,2463282,55,12277,0
0,1,576,250,153,871181,20,1573,1
1,1,2621,30,28,4428431,50,5284,0
0,1,2710,187,240,4185001,25,12120,2
3,1,3277,237,143,3288023,84,6194,1
3,3,3461,282,123,1905400,25,602,1
3,1,2222,297,148,4123758,53,3806,1
0,3,920,143,134,1848669,14,3721,1
1,1,329,292,213,4529166,60,531,1
1,3,3014,162,70,2808747,43,649,0
0,5,2719,75,259,4465418,62,15148,2
1,1,2943,146,307,3640342,76,7727,1
0,3,1942,101,22,2743366,69,14720,1
1,5,3779,268,405,4214720,63,14850,0
2,1,1801,112,264,477684,2,9406,1
2,1,723,64,94,703356,54,12920,0
3,1,1201,266,467,1910103,16,12474,1
2,3,2411,110,29,2098216,55,9245,0
2,3,381,207,59,4264139,94,2032,0
2,5,1223,235,173,1251033,43,1684,2
0,3,2089,246,101,1453847,61,7880,2
2,3,1527,35,97,2739356,38,3047,0
2,1,85,130,78,4015676,45,736,0
3,1,1758,191,46,1244922,51,14552,0
2,1,1493,208,262,3002878,42,11656,1
2,1,3143,264,261,1174290,24,5579,1
1,1,2303,131,149,966730,30,14130,1
3,1,2736,40,364,3702351,37,13247,1
3,1,2945,294,390,3197275,53,1809,1
3,5,1429,115,177,4940113,63,14372,0
3,5,489,233,63,4468443,11,7073,0
3,5,2826,282,395,450704,78,13179,0
3,5,1169,241,187,1052207,23,6258,0
0,1,3038,265,306,138039,80,13942,2
2,5,213,33,310,4784063,50,7284,2
3,1,197,118,368,1928124,85,2530,1
2,5,3651,200,115,4878733,55,15459,2
2,3,2391,34,146,3260654,55,9579,1
0,5,244,196,199,322345,4,7526,2
3,5,712,297,137,867525,97,7820,0
1,1,529,125,351,448564,54,164,1
0,5,3998,46,56,3688894,61,12199,2
1,3,172,291,14,4278404,78,618,0
2,1,1473,146,469,1498212,83,15751,1
2,1,2796,236,266,2592460,5,9795,1
0,5,1014,191,309,1272635,95,8001,2
0,1,3573,95,159,3714184,18,2739,2
1,1,2758,62,303,1299972,44,4640,1
3,1,3225,244,252,2415158,31,3390,1
1,1,1828,276,284,2091114,94,3038,1
0,1,1535,296,217,29004,21,3201,1
1,1,3864,109,424,807903,47,11769,1
0,3,2064,96,124,525252,30,15708,2
1,5,3839,24,204,2714260,55,3065,0
0,3,759,110,352,3337967,68,9063,1
0,1,2493,174,179,3773245,69,6395,2
0,1,961,38,388,478044,41,3624,1
3,5,1410,123,91,2949892,45,7888,0
1,3,3102,116,163,1395689,74,12029,1
1,5,3720,139,150,1029464,91,15034,0
1,3,3263,93,323,1631188,80,15894,1
0,1,2414,280,155,147539,30,1658,2
1,5,1784,253,332,3113211,77,609,0
1,5,3679,223,131,3746971,85,13379,0
0,1,1873,175,261,2245900,45,6671,1
2,5,3648,288,352,4882178,45,12305,2
0,3,1629,68,396,4742242,79,14873,1
1,3,3522,99,320,2448586,84,7176,1
0,3,730,203,98,3224429,84,15164,1
2,3,1383,132,484,2327316,45,5615,1
0,1,2592,145,67,2757241,55,4485,2
1,5,605,148,72,4750943,59,5700,0
2,3,659,238,356,4875010,5,8853,1
3,1,3894,283,317,1171025,32,10405,1
1,5,2206,59,496,4796292,6,1931,0
2,5,3916,127,482,760774,94,4219,2
2,1,421,211,391,3940115,26,3913,1
3,1,2952,200,289,2032722,37,7486,1
0,3,665,190,81,4632813,13,3758,1
0,5,2865,87,18,717696,93,14501,2
1,5,1964,84,375,809094,69,1759,0
3,1,2303,290,430,3677424,25,7910,1
0,5,896,30,103,264369,13,10003,2
3,3,92,180,382,930700,88,1742,1
0,5,914,24,348,4976912,95,15573,2
2,1,1318,220,446,1591143,20,15992,1
0,1,3408,57,345,772668,72,14372,2
3,3,1428,95,161,4118472,60,9487,1
2,3,834,158,414,1553151,73,175,0
2,5,525,197,365,170259,21,12994,2
2,5,132,160,49,2345297,61,1249,0
3,1,1183,150,368,2408777,84,6142,1
1,3,2287,78,71,1094128,79,2761,0
1,3,849,269,263,200041,26,11688,1
1,3,985,18,463,2884309,54,9232,1
3,5,2348,130,78,1449650,42,11307,0
2,3,3845,110,407,730846,11,13196,1
1,1,2388,158,254,75474,37,9763,1
3,1,1718,155,374,1814318,11,6278,1
1,5,3322,252,179,3470327,27,6045,0
0,5,3918,250,187,4773832,94,8232,2
1,3,375,52,198,2435092,83,5552,1
1,5,1584,104,269,3987752,34,12970,0
2,1,3530,235,81,1834610,38,5810,0
3,3,3728,15,481,3531053,61,5632,1
2,1,3911,223,468,2350203,87,2548,1
2,3,2035,215,26,4111690,53,2615,0
2,5,2014,76,379,1631910,65,7039,2
2,3,886,109,350,4064627,3,4840,1
2,3,557,21,66,709029,67,10839,0
1,1,2828,246,227,2764357,28,5074,1
2,1,3722,267,116,1067970,14,8357,1
2,3,2169,144,313,2978577,52,1081,1
3,5,1320,231,437,3206060,30,1291,0
0,5,690,165,182,1217953,58,1792,2
1,1,3845,151,228,3189356,54,5759,1
1,5,3037,167,473,2905936,69,6049,0
1,1,1928,271,256,1529474,15,14789,1
2,5,657,292,227,870403,38,11880,2
2,3,3708,238,382,1220034,78,12641,1
2,1,2008,289,426,2987611,14,4140,1
3,1,615,299,40,451281,57,13828,0
0,3,1417,177,377,907644,59,10217,1
2,1,2151,56,56,4674024,8,8210,0
0,5,1803,212,143,3155267,72,6933,2
3,5,2625,223,117,4327639,19,12425,0
1,1,2708,255,81,3986977,32,5179,0
2,5,3653,33,336,3387038,95,4453,2
0,1,1631,283,427,3353601,29,6627,1
0,3,2036,53,117,3457979,41,4947,2
2,1,2290,165,318,3013824,75,213,0
1,3,2155,208,407,1411375,45,3360,1
1,5,3558,171,281,581420,13,3438,0
1,3,3232,243,180,4300798,27,1045,1
3,5,178,172,125,1888987,19,15041,0
0,1,1922,125,338,4783389,26,13696,1
0,5,755,102,83,3198526,53,6211,2
0,1,901,51,265,3818738,51,13432,1
3,1,3447,293,90,1319154,37,13536,0
0,3,57,219,277,817460,9,1927,1
3,3,2126,215,137,3737574,92,10065,1
1,3,1185,229,335,2165725,96,13148,1
2,3,3044,289,412,2565660,52,14724,1
0,5,3794,145,244,4540427,54,8153,2
0,5,2228,115,50,279747,3,10537,2
1,5,2285,127,190,2426237,96,3314,0
2,1,1748,246,166,4237901,69,15828,1
3,5,2806,109,463,871670,8,1398,0
2,5,1548,270,68,4631239,14,14691,0
1,5,3485,295,354,1353471,3,10045,0
1,3,3325,112,258,4282282,24,2301,1
2,5,2309,72,201,3426565,13,11142,2
3,1,1694,184,33,3315497,43,7340,0
3,3,325,291,482,2454820,29,9835,1
0,1,3194,235,409,1881414,72,8068,2
3,5,1752,16,445,239078,51,6640,0
2,3,1845,136,89,3386868,42,15098,0
1,1,292,101,143,3814209,31,7708,1
0,5,3908,199,430,2886201,63,482,2
0,1,3223,62,222,44016,26,5793,2
1,1,3084,251,397,2542040,18,5297,1
3,1,2782,141,491,1335996,82,7765,1
1,5,220,121,357,3481112,57,3867,0
3,5,702,16,175,2990876,7,13159,0
1,1,1982,239,434,1236383,48,1120,1
2,3,2285,165,357,3688975,80,4650,1
3,3,3562,206,346,3699538,60,8356,1
2,5,1159,232,407,27567,33,9681,2
0,5,1549,259,80,3600467,3,10032,2
1,5,2149,92,223,1112284,4,1044,0
0,5,2208,249,444,2224358,4,4368,2
0,5,2022,272,74,4742152,42,4781,2
0,3,2974,198,230,3796788,9,6118,2
0,5,3975,299,317,462365,51,7720,2
1,1,1116,67,488,2334261,17,4817,1
0,1,2308,18,295,2594103,17,1007,2
1,3,2085,124,194,2189409,97,13270,1
1,1,3321,219,216,529742,20,8337,1
2,3,3931,50,475,4432449,14,2204,1
3,3,907,182,108,23873,22,681,1
3,1,3873,243,251,1325447,52,11926,1
1,5,2724,290,167,4788662,27,9943,0
2,1,1099,87,107,4423801,43,6095,1
1,1,348,117,51,4836805,3,747,0
1,3,3198,290,148,706339,88,81,1
1,1,973,48,292,1234548,94,15902,1
2,3,186,128,417,4779391,8,6259,1
3,5,1093,36,236,2718569,86,13540,0
2,5,2537,113,432,3561274,89,4924,2
0,5,260,83,81,1713238,10,5612,2
2,1,2849,200,252,2045523,29,13253,1
2,3,1624,156,27,4564736,40,8790,0
2,5,2532,264,86,244761,65,2298,0
2,3,829,293,54,991221,21,10135,0
3,3,1280,222,481,4438125,24,6242,1
0,5,2536,132,380,3698235,73,11076,2
3,5,1852,215,352,436485,60,15336,0
3,3,2763,249,149,1689120,26,9945,1
2,5,1115,295,186,3356455,9,6456,2
1,3,460,31,231,1974744,20,1206,1
1,3,3644,268,424,4355657,56,14368,1
3,5,2903,114,101,1831927,99,14171,0
3,1,2707,267,31,2523189,36,8585,0
2,5,476,213,181,943151,36,5345,2
3,1,3396,271,101,477015,73,12314,1
2,3,1521,116,201,877611,22,11704,1
1,3,2999,260,86,338088,1,6204,0
1,1,991,230,290,3428495,69,2298,1
0,3,1957,231,373,4071936,73,9186,1
1,1,791,267,188,356970,37,13263,1
3,1,1442,210,247,4409421,83,12122,1
1,3,1293,267,144,1787741,72,10292,1
2,1,1650,234,374,3257101,96,3335,1
1,5,3988,211,399,1973645,13,11097,0
0,5,1305,235,289,4152235,84,9572,2
1,3,377,245,28,4445279,43,2053,0
2,3,1516,192,92,4000634,37,3665,0
2,1,2149,209,237,2716366,94,14945,1
3,1,2016,255,380,438538,74,15736,1
1,1,425,120,274,2225615,95,10029,1
2,1,312,15,121,1151112,25,10488,1
0,5,316,245,260,807560,93,14277,2
3,5,2456,136,173,1301557,88,3722,0
0,3,3438,113,367,3477873,21,14494,2
1,1,3445,246,177,787872,41,7508,1
1,1,1994,164,230,2028035,73,2205,1
1,3,3787,266,417,4375989,42,3529,1
3,1,1943,244,313,1697355,42,14937,1
2,1,1951,298,200,3644003,2,11262,1
3,1,2749,49,334,761416,68,101,1
0,1,3684,297,446,1049581,8,2209,2
3,1,1702,206,447,1530451,96,4440,1
0,3,1494,282,179,803914,61,3701,1
3,1,95,273,384,2852341,14,7406,1
2,3,3942,66,54,1252521,77,12157,0
0,1,649,107,390,3498859,21,2162,1
1,5,769,146,483,2320474,24,10863,0
1,5,1962,96,23,3421929,50,12802,0
3,5,1342,251,240,4263911,82,14643,0
1,5,650,208,166,1339223,45,5815,0
0,3,430,93,143,3563709,64,15389,1
1,3,167,251,400,3247824,64,12971,1
2,1,3687,290,46,3135122,26,1404,0
2,5,2213,261,62,3717628,32,5670,0
3,3,3751,199,27,3408266,57,3804,0
0,1,309,161,480,4279639,53,259,1
2,1,1148,287,47,618300,33,6282,0
2,3,1553,148,196,4277052,52,7896,1
0,5,2402,185,394,4073660,95,6221,2
1,1,2104,17,205,4882083,18,287,1
1,5,415,244,252,3211923,35,8577,0
3,5,1707,172,309,2827207,12,14448,0
1,5,2620,58,312,4496590,51,12080,0
0,1,3469,47,44,2883760,89,8125,2
2,5,1511,145,224,3218268,95,1626,2
1,1,2074,228,228,1894959,10,8741,1
3,5,3336,43,325,1826779,52,9806,0
1,1,2526,88,99,4330266,34,9032,0
0,5,840,245,317,2950271,67,3590,2
3,3,3619,282,261,2144781,39,14977,1
1,5,3661,170,17,2790879,8,11364,0
3,5,796,184,265,4142042,96,9377,0
0,1,2464,230,372,1520546,29,12186,2
2,1,362,18,217,2056408,22,10590,1
0,5,587,298,434,1380233,84,7307,2
0,3,970,122,140,3753778,70,12566,1
0,3,1127,214,233,3306822,61,199,1
0,1,3662,195,206,3204669,43,14116,2
2,3,1540,206,477,4102162,49,15547,1
2,5,2962,275,151,3452345,29,11448,2
3,1,3285,271,261,4191247,81,11770,1
1,5,2879,257,105,3216534,31,1674,0
2,1,2431,124,35,1718222,53,7711,0
2,1,3668,130,120,201211,34,2624,1
1,1,847,150,463,4831668,38,4478,1
2,1,397,74,132,4251220,57,7579,1
0,3,322,285,195,673960,4,4319,1
0,5,3060,248,493,1455915,2,7819,2
1,5,769,19,177,2096383,12,11526,0
3,5,1823,242,60,791243,35,13704,0
3,1,3535,204,388,4750868,70,2158,1
1,3,2597,21,14,2283369,72,3997,0
1,5,3214,186,86,868481,21,7949,0
0,3,734,186,169,4397054,61,13422,1
3,1,2176,226,217,1269430,35,4964,1
2,5,671,20,266,747403,48,14039,2
0,3,2089,127,214,3042370,15,6717,2
1,1,3338,173,264,4906349,71,2313,1
3,3,996,48,447,4128269,15,9854,1
2,5,2455,62,20,832284,6,3865,0
2,5,2715,227,446,2603021,81,12961,2
0,1,556,215,17,1752772,68,627,1
3,1,1632,65,418,2718370,22,15079,1
3,1,3302,127,433,3293202,32,472,1
1,3,2673,262,41,262745,22,2813,0
3,3,3367,295,481,1747659,27,15832,1
3,3,293,277,37,3329122,15,13732,0
0,1,555,189,215,3848852,44,1279,1
3,5,471,244,396,4941952,86,15695,0
2,5,3441,205,237,1855413,92,3226,2
0,3,3208,89,137,4460895,9,8995,2
0,3,2314,144,264,185215,34,13084,2
1,5,3611,31,484,3157390,73,737,0
3,5,3640,234,221,3729298,15,772,0
1,3,3399,67,248,2913166,62,13904,1
2,3,1922,102,216,2081444,45,796,1
0,5,3843,201,327,1641335,84,4387,2
0,1,3106,112,292,1681442,72,15900,2
0,3,1242,16,254,861513,58,2762,1
2,5,379,137,54,4429935,92,757,0
2,5,699,64,114,1060288,19,15907,2
1,5,1514,240,357,4391741,16,8676,0
1,5,440,71,290,1661049,75,13118,0
1,1,1569,249,243,2460147,8,533,1
3,5,430,99,198,3683226,33,11760,0
0,3,3427,241,53,4232276,74,14769,2
0,1,791,242,234,2394432,18,1583,1
1,5,2060,161,439,4632817,35,219,0
0,1,869,154,151,2900529,43,1070,1
1,3,722,139,145,751561,50,7143,1
3,5,2610,150,185,1382173,3,13206,0
3,3,1821,102,151,3028880,91,6516,1
2,5,3046,123,458,1052628,59,897,2
3,5,1261,293,89,2387568,28,13835,0
1,5,979,152,91,3450022,46,15641,0
3,5,1589,232,144,4946868,64,8937,0
2,5,962,241,216,149388,70,14744,2
0,1,693,42,353,4127564,47,3396,1
1,5,476,285,186,2927759,14,4063,0
0,5,551,179,392,3102954,7,8128,2
2,1,779,149,252,3163103,74,81,0
2,1,1333,210,64,550998,79,8418,0
2,1,3634,32,150,4974216,31,11206,1
0,1,2168,233,466,2578697,93,10354,2
0,1,2575,279,449,2125749,81,7927,2
0,1,3299,162,65,432613,51,6220,2
0,5,506,94,24,3048725,29,7880,2
2,5,2286,118,194,4314272,15,12128,2
2,3,340,40,323,4398874,90,9744,1
1,5,3641,238,428,3578141,76,2365,0
1,5,3886,249,97,817473,25,10886,0
0,1,969,150,106,2445661,61,15397,1
3,1,2389,165,153,2936570,41,115,1
3,5,2019,108,17,3958530,69,12470,0
2,3,805,56,486,1431264,4,1978,1
2,1,1708,76,224,1636846,57,5061,1
2,5,1884,71,182,2730974,31,7583,2
1,5,1356,118,232,2787986,3,6275,0
1,3,1617,176,49,1336364,67,14254,0
2,3,1919,46,191,2660933,90,14192,1
2,1,426,128,279,4541272,50,15367,1
2,3,3779,95,196,4710226,17,5497,1
3,5,1229,61,254,922463,60,15507,0
1,5,557,100,487,834721,74,634,0
3,3,1486,298,318,433331,66,6520,1
3,3,2625,213,240,2864657,88,6735,1
2,3,3476,247,392,1727476,75,5294,1
2,3,608,164,164,2324729,24,14595,1
0,1,3884,249,184,1650961,99,8204,2
0,3,3308,145,345,810010,87,8001,2
3,1,3152,73,124,4710075,32,1798,1
1,5,2357,132,399,2282103,87,14518,0
2,3,470,263,320,4336972,98,7720,1
2,1,1602,123,490,3600613,19,2254,1
3,3,3672,29,309,4608450,66,11872,1
0,5,353,25,27,2277174,60,1942,2
1,5,991,154,281,4641353,66,7068,0
0,5,3160,217,21,1172116,15,10671,2
0,3,3610,28,413,2860453,85,3143,2
0,3,3765,175,310,621656,35,1023,2
0,1,2639,47,201,1619755,69,4074,2
2,5,3791,190,241,4110042,27,10884,2
2,3,1351,114,452,3623456,88,9684,1
0,5,3324,109,102,2464208,7,6665,2
1,5,1139,99,487,4005168,6,4379,0
3,1,2205,88,227,396991,33,6765,1
1,1,2365,82,287,1982908,58,1527,1
1,1,2319,185,362,3665877,49,5739,1
1,1,1877,105,496,4999710,17,9012,1
0,5,1603,112,312,3824476,42,7379,2
2,1,3211,233,38,605879,94,6494,0
1,1,742,15,479,3399718,72,8547,1
0,1,304,131,310,281759,40,51,1
1,1,1528,245,86,2120990,46,8512,0
1,5,2350,125,18,4797592,71,12758,0
0,1,306,172,33,3461670,70,11456,1
2,5,2480,235,24,4661296,68,6893,0
2,3,491,239,173,4134710,1,9105,1
3,5,1931,191,22,1986702,79,6022,0
0,5,2696,258,356,145608,95,15345,2
3,1,1163,219,181,137772,89,15379,1
3,3,3870,153,366,4889503,97,7953,1
3,3,2487,105,336,4991984,52,5155,1
2,3,631,253,209,3688193,35,15264,1
0,3,3165,95,494,4239119,69,10981,2
3,5,1785,193,498,2203149,5,7752,0
0,3,3785,130,471,2709682,17,2964,2
0,5,2695,101,387,2808615,53,5206,2
2,5,68,79,85,2019333,52,8348,0
3,5,1174,142,173,2465209,14,15706,0
3,3,2704,288,381,2245482,29,14186,1
0,1,3887,146,70,628901,8,3218,2
1,1,1430,196,497,2982899,98,14666,1
2,3,1615,230,474,1589253,1,13471,1
2,1,3882,55,433,684045,29,12886,1
2,1,2130,287,254,1502012,36,2649,1
2,5,2043,201,486,4217101,51,5766,2
3,5,3350,17,391,4956247,37,14175,0
3,3,1597,285,164,3371725,93,2285,1
1,3,3751,188,266,457123,69,2849,1
2,1,911,48,253,2383992,53,7063,1
2,5,204,187,171,2040282,96,9753,2
0,3,3544,171,77,2527353,52,5523,2
3,3,954,113,353,662944,88,68,1
2,3,1319,170,286,1402718,83,908,1
1,3,454,296,170,2256268,12,9658,1
1,3,893,132,400,4976931,52,5430,1
3,3,1832,63,458,4462733,1,3082,1
1,1,1614,43,498,4651635,7,4555,1
1,5,1234,251,268,4989106,17,9668,0
3,5,796,122,316,18903,98,5839,0
2,3,1775,32,344,4031064,43,2581,1
2,5,3238,55,104,2465456,71,7521,2
1,5,320,144,447,4623720,17,4769,0
1,5,819,127,473,1662241,59,12993,0
2,3,1765,198,467,2504934,3,4913,1
3,3,1560,140,255,370556,29,4088,1
1,5,221,221,230,838654,22,12355,0
0,5,323,122,132,1930096,38,10473,2
3,3,2356,53,196,1402170,54,2502,1
1,1,1208,137,271,4639188,93,2896,1
1,5,1756,167,422,4828958,50,8114,0
0,1,3843,282,282,2686293,69,11444,2
0,5,1821,54,382,1458750,30,6672,2
2,1,471,117,69,4609474,23,10058,0
3,1,1494,228,415,3377483,85,10022,1
3,1,1259,186,417,534963,90,12345,1
2,3,2461,237,134,4489109,47,8946,1
3,1,3728,200,346,3735305,21,9583,1
3,1,2475,169,350,2115336,20,3512,1
3,1,3644,276,60,2553671,23,11832,0
3,5,629,199,187,2305689,68,1209,0
3,1,940,184,148,2889851,21,4676,1
0,5,771,299,449,4379023,21,7106,2
3,1,3317,154,336,3995974,1,3772,1
0,1,930,241,179,2437901,15,11680,1
3,3,1171,213,48,4869136,17,3610,0
2,5,2702,222,78,151408,51,15074,0
1,1,2057,49,245,2961776,63,11324,1
0,5,2119,284,57,4157094,14,6167,2
3,5,1523,91,390,2051126,59,14938,0
2,3,3293,190,66,3384167,83,6639,0
1,3,432,92,286,1956599,50,15523,1
0,3,2231,271,347,4729257,34,9957,2
1,3,1499,281,108,3723490,6,6899,1
2,3,3146,209,413,2516553,49,2293,1
0,3,2600,249,24,3222639,6,8227,2
1,3,3306,189,334,1142219,69,15245,1
3,3,3206,180,470,260383,7,1810,1
0,1,1640,186,188,2461461,97,5492,1
1,5,1836,246,341,177682,77,12249,0
2,3,193,147,71,2017987,51,10038,0
2,3,1936,138,128,2910419,1,7729,1
0,5,1752,58,478,1800215,13,2725,2
1,1,1485,173,46,97453,43,7174,0
0,5,273,286,143,579078,27,5831,2
0,5,269,125,464,2436142,71,15015,2
1,3,228,33,35,409449,3,3286,0
1,5,1704,34,499,4732792,58,15661,0
3,5,482,136,17,577563,89,5948,0
1,3,314,243,466,2054164,97,8285,1
2,3,1003,218,484,2567436,17,15879,1
0,3,478,102,13,3823379,45,8730,1
0,3,3783,103,30,3451320,78,4326,2
2,5,2513,234,424,3046236,58,11390,2
1,5,3574,289,158,4811277,56,14759,0
2,1,2824,20,497,1464138,54,4773,1
2,1,2294,21,34,3776470,87,9198,0
3,5,1627,44,496,3672782,88,10356,0
2,1,3174,237,152,2553387,29,5694,1
0,5,529,229,254,3637402,54,1165,2
2,1,3564,150,428,4041098,27,1831,1
0,3,1403,32,442,4060833,45,11068,1
0,1,3372,92,52,494496,87,8892,2
0,3,3928,238,434,1520493,31,1926,2
1,3,939,89,302,1269748,36,5413,1
3,3,3904,299,194,4165026,81,8582,1
0,3,974,168,51,3172029,61,11192,1
0,1,2220,137,440,3715779,37,14146,2
1,5,1952,199,101,1201413,67,3425,0
0,3,1460,40,326,832219,36,10687,1
2,1,1412,24,407,1956683,5,2800,1
2,3,827,84,333,276001,46,15857,1
3,1,2445,43,62,1465236,79,10386,0
0,1,78,205,93,4930405,52,9596,1
1,1,3072,38,43,4725044,49,3326,0
2,5,84,203,85,4306457,6,498,0
1,1,3639,25,362,3084873,10,5587,1
1,1,1469,86,417,1330020,96,4222,1
2,5,2720,90,413,401717,23,13233,2
1,5,3415,133,206,3148573,17,12886,0
2,1,638,28,495,1168918,84,9039,1
1,5,3470,111,295,762654,44,3546,0
2,3,3268,86,97,997270,41,13790,0
0,3,3188,238,244,2347002,15,13846,2
3,5,953,212,241,3394416,44,13152,0
2,5,2617,70,16,2656844,58,15407,0
2,1,2219,35,301,1596428,86,2232,1
3,5,389,80,47,3768914,50,15039,0
2,1,224,112,473,975939,52,15663,1
2,3,1973,166,61,3105952,70,13921,0
1,5,1764,203,152,4635995,68,3376,0
3,1,646,284,439,3929408,63,8887,1
0,1,500,195,416,940203,58,14163,1
2,3,606,122,405,2731061,23,769,1
3,5,1209,174,230,1753153,44,1572,0
1,3,3976,70,437,3275199,83,6806,1
0,1,3137,101,249,1857719,95,6677,2
3,1,1406,295,152,1457851,44,1119,1
0,5,3316,162,358,1837294,52,5612,2
0,1,3617,234,372,2730744,67,7799,2
0,5,2106,136,391,1154535,28,12985,2
2,3,3949,202,58,3828573,67,4937,0
2,5,2431,124,286,1933811,78,4724,2
1,5,3454,271,280,4249887,18,11317,0
1,1,1066,27,23,1697941,27,12049,0
3,1,2424,19,307,445846,51,14386,1
1,5,2112,101,473,1160935,60,11603,0
0,1,888,148,24,3698102,74,2206,1
0,1,1687,61,243,4867148,49,7994,1
2,1,275,204,72,4823724,15,15984,0
0,5,3546,215,205,3662057,83,12797,2
3,1,1863,296,36,3205991,73,10555,0
0,5,3529,102,480,1956163,68,13499,2
0,1,2210,154,102,1110240,15,11747,2
3,3,2070,95,114,2516048,51,4189,1
1,1,1501,162,318,1984157,48,15271,1
1,1,2098,11,61,2005254,72,5679,0
3,5,2363,269,328,3485840,1,7137,0
2,5,1564,173,466,4067723,7,5128,2
0,1,1281,15,190,2922984,53,6455,1
3,3,1695,158,66,2527919,31,6921,0
0,1,1785,214,129,1864096,18,682,1
2,1,3049,127,317,9981,12,2249,1
0,3,3490,98,372,3560976,48,14598,2
3,5,355,163,52,108154,30,11305,0
0,1,2109,176,144,1729177,97,5403,2
1,5,3466,170,382,4901769,7,2960,0
2,5,3586,279,435,4155534,92,672,2
2,3,1773,65,269,3338850,3,6123,1
2,3,1739,237,206,1053233,63,410,0
3,5,1567,158,142,2905814,6,10609,0
2,1,1441,55,468,937184,95,6415,1
1,5,3967,153,264,3360494,15,8451,0
3,1,3034,247,498,2707171,71,11709,1
1,1,469,281,229,1740886,43,9172,1
0,3,2986,129,345,4142747,94,13944,2
0,1,3912,229,50,4858531,91,12826,2
0,1,2268,17,487,2047771,81,3993,2
0,5,183,284,397,3444737,18,12938,2
1,3,2080,75,264,723300,22,4919,1
3,1,3062,88,11,1569473,61,8178,0
3,1,1500,95,204,2136021,61,927,1
2,3,3146,133,251,4693489,53,13825,1
1,5,1603,211,158,3247797,26,4845,0
0,3,3311,159,207,4443881,91,7841,2
1,3,1214,55,308,4523700,40,10741,1
2,1,3676,122,254,3488258,88,14798,1
2,1,1919,100,347,2216880,8,14295,1
1,5,1869,150,117,4719150,21,2573,0
1,1,2755,298,462,4937951,93,12593,1
1,1,3436,227,402,3611566,43,13511,1
3,3,3565,86,221,2940119,21,6320,1
0,1,1392,161,165,2353712,3,8633,1
1,5,1514,248,35,769026,31,12144,0
1,3,3213,124,91,4927423,27,6673,0
1,5,2276,103,92,396462,27,5138,0
2,3,1129,57,140,1331730,73,7614,1
2,1,1228,200,338,2225103,57,7116,1
3,3,1745,21,109,1380078,97,6595,1
0,3,160,165,265,149306,33,2371,1
3,1,2234,181,488,883622,90,13182,1
0,1,2329,186,58,3786811,92,8199,2
2,5,3089,66,410,4637971,44,8175,2
2,5,517,212,72,3007374,43,12223,0
2,1,2829,194,320,523886,31,8380,1
3,1,2578,130,416,600493,65,8344,1
1,1,3189,235,299,2073551,84,13603,1
1,3,863,211,114,3460824,76,13478,1
2,3,1322,225,114,2134871,17,5383,1
1,3,1043,52,334,4177213,15,8725,1
1,1,2081,32,24,4244041,34,14914,0
3,5,372,164,184,3599397,80,7908,0
0,1,3019,195,268,3841624,4,4369,2
2,3,953,258,220,4376980,72,5439,1
2,3,1591,246,421,4787431,98,12315,1
3,1,2049,143,268,3448797,89,1898,1
3,1,1865,31,111,88745,79,10126,1
1,3,3553,97,269,127298,28,3255,1
2,3,3608,162,353,2402583,73,2211,1
0,3,2703,134,168,3778268,2,1514,2
3,1,2526,88,54,4892447,17,693,0
0,3,3390,60,452,4566771,58,15036,2
0,3,3830,225,310,1788702,74,11678,2
2,5,3658,185,260,3586435,9,5401,2
2,1,197,262,340,2318165,31,4603,1
3,5,1191,255,174,800235,66,6568,0
2,5,899,236,202,3327425,88,5773,2
2,3,416,115,18,3789835,62,7996,0
2,1,2947,202,410,4209002,19,660,1
0,3,1139,45,383,16376,81,4352,1
3,1,2088,213,74,2373413,74,1593,0
1,5,2910,276,396,2334743,55,11781,0
0,1,3491,277,291,3195514,28,1516,2
2,3,224,179,190,638293,92,9158,1
0,3,1904,48,424,4167817,50,14706,1
2,3,637,148,291,329624,65,6286,1
2,1,544,61,288,688055,3,13769,1
0,5,3070,296,39,4065743,79,1231,2
3,5,1187,298,275,1422742,52,15257,0
2,1,3232,150,337,1465294,10,2196,1
3,3,1834,155,226,444226,21,2322,1
1,5,3560,193,329,3105997,37,9093,0
2,3,3836,161,415,1516697,15,4586,1
3,1,1220,210,408,1674783,87,769,1
3,3,84,137,388,1919541,78,4730,1
1,5,1048,296,114,4132608,79,10256,0
3,5,1382,262,193,473803,74,3522,0
3,3,2635,275,339,1535851,9,3692,1
1,1,2847,197,157,2308022,44,12112,1
2,3,1087,239,114,594695,39,113,0
3,1,423,280,56,1647673,5,13105,0
3,3,2654,268,96,4474677,25,609,0
3,5,1501,207,318,4091617,56,7496,0
0,1,1801,65,446,2664616,90,1783,1
1,1,2330,212,138,4814417,64,8911,1
0,1,754,280,267,3244283,72,3944,1
1,5,612,118,323,4722737,86,1592,0
2,3,3036,125,156,1146865,52,9513,1
2,5,2984,101,455,1712738,89,2465,2
3,1,2823,147,471,421129,76,11033,1
1,3,3784,66,81,3803010,9,12955,0
2,5,3561,59,495,2825743,10,15391,2
1,1,3623,80,149,4347048,10,6140,1
2,1,3396,91,419,1881352,73,5267,1
0,5,1923,114,36,413230,62,5437,2
2,5,2173,97,38,3744368,90,5229,0
0,5,488,11,280,3449196,99,8237,2
2,1,3853,93,183,1557321,91,6693,1
3,5,1933,52,262,2978659,60,15717,0
0,1,2029,163,394,3373438,95,7710,2
2,5,748,103,69,4889362,19,11296,0
3,1,1362,142,116,3956544,38,2508,1
0,1,3012,74,229,4723104,6,11307,2
3,3,1613,299,450,4070298,15,9405,1
1,5,2988,266,268,3270503,93,6078,0
1,5,741,222,380,79743,47,5497,0
0,1,2350,157,155,348786,45,4609,2
2,1,3247,70,61,2489883,5,2799,0
0,1,1250,158,69,605146,78,13998,1
3,3,3158,97,43,2026321,53,1998,0
2,3,2507,287,105,729927,66,6356,1
1,1,1684,91,486,4314399,62,8301,1
2,5,1683,138,98,1609412,23,8142,0
1,5,176,295,325,952399,44,11344,0
2,3,1556,289,419,3776685,52,8574,1
2,3,1241,279,240,867603,46,12413,1
2,1,2689,212,465,2405710,19,14116,1
3,5,343,33,284,3744087,88,14702,0
3,1,3966,217,255,2846653,84,15826,1
0,3,3759,289,120,3113959,47,239,2
0,5,1416,214,243,4461745,91,11802,2
1,5,1069,161,287,4829105,52,6058,0
3,3,2407,35,486,4061828,24,7532,1
1,1,2759,203,426,2234232,17,345,1
0,1,2625,247,175,218885,89,10790,2
1,5,2637,84,137,4343196,46,8418,0
0,3,468,172,246,465764,64,8218,1
3,5,493,38,300,2251477,95,849,0
2,3,734,174,116,2520570,28,9047,1
3,1,3679,195,137,592444,50,7053,1
1,3,2937,63,204,3913976,64,9984,1
1,1,2333,51,348,2093461,28,8456,1
3,3,1512,294,403,4255567,86,10121,1
3,5,2311,147,484,4052156,56,2750,0
0,1,134,196,152,1168208,59,8838,1
1,5,2891,213,404,1323924,5,9959,0
1,5,1817,51,120,1061528,54,9597,0
3,1,134,297,99,1569402,44,12465,0
2,1,1994,35,260,3230051,42,9534,1
1,5,3610,65,289,1771020,72,10840,0
2,5,2162,262,342,143712,92,13896,2
3,5,1719,131,233,4483885,57,5923,0
3,5,712,115,110,128129,47,11679,0
0,1,676,139,141,875113,76,4764,1
1,1,113,167,22,4500829,25,6541,0
2,5,3464,240,466,444172,44,8383,2
0,3,3036,100,450,993030,15,11458,2
1,3,3996,31,107,4731059,51,2889,1
0,1,968,299,129,321098,53,12582,1
3,5,1425,119,302,4481349,34,3563,0
1,5,1231,58,313,2023063,77,10992,0
0,1,1662,138,208,758902,8,13651,1
0,3,540,82,10,3740919,77,9956,1
2,3,3779,62,69,367099,70,1185,0
0,3,1928,177,259,4739347,96,6407,1
1,1,3584,54,149,257094,21,11963,1
1,3,3346,114,158,1932327,7,10151,1
2,1,1990,159,404,4137578,90,2297,1
1,1,362,155,53,4894704,79,6598,0
3,5,2712,213,380,4550417,56,4566,0
1,3,968,176,195,4305979,49,4152,1
1,1,1932,210,117,4289570,42,1598,1
0,3,862,143,53,2957181,23,10881,1
0,3,3037,220,87,4491812,52,14671,2
1,5,1539,57,235,4185900,79,13008,0
2,3,3209,135,171,1017487,53,6582,1
0,5,1376,248,290,3729489,16,4561,2
2,1,729,16,262,4436776,96,2881,1
1,3,484,281,141,1221925,37,9248,1
1,1,731,46,457,2054301,18,14074,1
3,3,1208,220,381,4495950,20,11463,1
0,1,1123,174,384,4210979,46,3112,1
1,3,1505,134,483,1127805,2,12765,1
3,3,2437,201,153,2805660,87,8025,1
0,3,2444,227,275,1269895,94,3102,2
1,3,2743,223,118,1679575,63,15702,1
1,3,1420,71,203,4026481,3,12671,1
0,3,698,170,44,2911049,46,10561,1
0,3,294,75,476,1104371,49,7260,1
0,3,2206,295,399,735543,1,3589,2
1,3,3946,248,284,4299149,22,10608,1
1,1,3920,29,196,1361706,93,15901,1
3,5,2630,197,446,961705,14,576,0
2,3,3211,91,252,3988338,92,2857,1
0,5,345,211,273,3925248,85,9437,2
1,3,2209,141,471,3400458,45,1803,1
1,3,3934,46,19,1253002,96,9914,0
0,1,1662,141,460,3020684,6,14706,1
2,1,3298,86,175,2327485,65,6932,1
0,5,2440,98,38,2971207,21,15453,2
2,1,3781,262,280,4568522,4,13893,1
1,1,2198,203,96,4672212,3,10270,0
2,5,3879,185,32,2269103,30,1704,0
3,1,2726,42,219,249595,31,12791,1
1,3,1677,67,55,1953361,34,4891,0
3,5,3522,210,476,2277881,83,4091,0
0,5,77,37,37,921200,20,14241,2
0,3,3034,44,35,841271,87,5074,2
0,1,2035,134,275,3760257,54,9089,2
2,5,1610,51,184,1597261,25,9109,2
1,5,107,94,13,1038763,15,9015,0
0,3,1571,197,320,3949602,38,14468,1
0,3,346,120,331,2817300,23,8784,1
1,1,2231,280,76,1179152,52,4467,0
0,5,3452,114,144,4205069,66,9027,2
3,1,2346,50,64,3524700,57,11547,0
1,1,3118,224,473,2108154,57,4685,1
1,3,2647,80,40,1833717,79,14637,0
1,5,951,65,83,1847398,52,2933,0
3,5,2014,245,28,2273660,35,5934,0
1,5,1148,290,165,478698,74,498,0
3,3,1727,114,346,3133196,14,3360,1
1,3,2931,171,165,531929,91,4635,1
2,3,1241,200,156,3573653,14,10147,1
0,3,820,18,494,3424496,99,12801,1
2,3,1576,69,96,3156694,33,8158,0
0,5,1428,234,29,2318574,52,4459,2
3,1,1298,197,278,2097852,1,15584,1
2,5,3785,79,342,2062838,34,7923,2
1,1,1604,296,52,2737563,19,11493,0
0,3,195,178,404,4690825,24,6101,1
0,1,2033,71,441,2857064,4,8626,2
2,5,1314,23,408,1054535,36,344,0
3,5,1957,173,410,2411098,77,1288,0
2,1,2990,254,447,1807129,58,15371,1
3,3,2441,17,315,1406313,32,13099,1
3,3,1822,163,37,2525462,9,8091,0
0,5,1108,45,476,3840757,80,2866,2
2,1,2799,57,269,4362502,67,1148,1
2,3,2098,94,31,4164121,20,14729,0
3,3,2069,37,479,4536484,74,1787,1
2,5,202,205,384,3687788,62,2239,2
1,3,2526,217,110,4112818,58,2815,1
1,1,557,213,48,2674383,22,1272,0
2,5,3247,113,299,332012,67,14280,2
2,5,540,239,362,678578,75,11484,2
3,1,3603,110,309,4820716,89,6599,1
1,5,394,38,179,4409355,48,12141,0
1,3,1985,136,305,551162,8,12565,1
0,3,1811,19,362,2753447,73,460,1
3,1,270,115,405,4720893,15,11241,1
0,3,1988,176,139,1369737,32,2995,1
1,1,1992,266,165,3364019,53,8152,1
3,1,772,286,83,3110848,67,4836,0
2,3,3146,74,351,4479903,4,9119,1
3,1,577,280,474,2757624,30,836,1
2,3,3303,197,99,3465905,13,2159,0
2,5,1572,147,76,1552870,21,5496,0
3,5,2938,114,464,3336160,41,5885,0
2,1,1714,43,245,4187321,19,2036,1
0,3,3163,119,209,1290783,48,8176,2
1,3,530,42,477,1681913,86,9120,1
2,5,3027,240,341,4610231,63,7350,2
0,5,1921,275,236,135278,20,9849,2
2,3,3869,191,474,843721,64,5759,1
1,1,2969,74,357,282097,37,15598,1
0,5,1512,10,242,2177082,31,2453,2
1,1,1475,142,275,3409939,74,8312,1
1,1,3667,89,95,3459530,18,10552,0
0,5,394,280,111,2674605,20,4451,2
0,1,94,250,450,4538229,82,6751,1
0,1,3767,37,490,2239083,11,3345,2
3,3,2118,232,223,1261561,86,15737,1
0,1,1707,32,117,3012164,44,9003,1
0,3,3191,118,174,4953034,82,12925,2
0,5,1937,116,470,2459547,64,2171,2
0,5,2970,154,100,3691789,34,3632,2
2,3,2145,148,201,2548663,87,14527,1
3,5,1564,293,344,252442,65,13946,0
1,1,2648,108,95,3421690,55,4247,0
0,1,2384,132,231,1321055,74,9871,2
2,1,1051,296,372,318152,1,5750,1
2,5,1083,90,433,3742761,38,7282,2
2,1,2639,19,110,4893812,9,4338,1
1,5,2090,17,235,4461025,95,15338,0
0,1,2853,214,373,74916,71,1135,2
3,3,323,206,69,427141,17,15941,0
3,5,1005,207,491,2018949,99,15650,0
2,5,2697,39,259,4254618,52,10699,2
1,1,1829,29,57,4599615,18,12637,0
1,5,430,57,126,3784599,63,11508,0
1,5,1402,139,236,610003,33,8695,0
3,3,528,141,371,2334728,4,2671,1
2,3,2112,63,412,57680,87,8860,1
0,1,565,290,465,2051377,75,8878,1
3,3,240,274,496,4701671,52,2398,1
2,1,1241,224,42,4826937,9,4924,0
2,1,3642,299,53,3869434,64,13817,0
0,1,2718,52,485,3233838,30,3086,2
0,5,1210,83,174,3056319,8,10491,2
0,3,2251,287,377,19510,5,10963,2
1,1,1461,251,354,3732624,76,2399,1
0,3,3330,139,301,4661009,63,14382,2
2,1,321,203,346,3461054,1,5793,1
0,3,192,41,353,4955291,15,4482,1
2,3,3732,115,414,2649323,89,6225,1
3,1,1962,213,395,4922091,82,10236,1
1,5,3941,10,296,937232,38,7315,0
3,3,1142,254,373,4949587,42,6153,1
3,5,2344,81,234,4730686,46,14120,0
2,5,3382,24,295,1969487,53,11062,2
3,1,837,62,213,1586508,26,7408,1
2,1,2176,17,181,1420702,61,15950,1
0,1,1731,55,21,53748,67,9313,1
0,3,672,123,316,3992181,54,2081,1
2,1,3891,156,130,1112227,22,13611,1
0,1,3726,175,442,4098304,26,1299,2
1,3,2622,148,253,29669,83,9537,1
3,3,2869,126,161,3547226,60,6858,1
1,1,987,285,161,2386835,39,3606,1
3,1,3742,286,197,1970387,36,8569,1
0,1,3451,187,404,3950905,21,9038,2
1,1,3310,163,22,4428974,41,5349,0
0,5,1168,210,100,1868691,48,11103,2
3,5,666,124,209,1202934,26,13002,0
2,1,1081,168,83,4599,63,11035,0
2,5,116,51,265,1178089,77,3144,2
1,3,3617,256,465,3424261,36,3027,1
0,5,240,77,457,2601017,24,1012,2
0,5,3487,205,285,1324038,90,5775,2
1,1,2865,99,337,2363351,21,5539,1
2,5,570,120,338,646452,18,1318,2
3,5,1039,154,80,1656443,15,5329,0
1,5,1190,284,87,2102794,79,422,0
3,5,2364,188,293,1583185,6,4430,0
2,3,1684,250,139,1391688,43,10810,1
0,1,2582,162,386,3890381,31,7667,2
2,1,3630,113,52,522315,28,15082,0
1,3,3419,84,17,1468836,8,13144,0
0,5,1237,137,22,3299771,29,12984,2
1,3,425,208,222,1829918,21,11935,1
1,5,702,163,120,2739599,81,9846,0
2,3,3389,65,485,3958887,88,6329,1
1,1,598,287,300,2171972,58,145,1
2,1,1147,28,32,2731502,60,15528,0
0,1,3629,168,311,552764,50,15783,2
2,5,122,35,263,3602627,31,4419,2
0,5,2405,178,24,3813079,47,3991,2
2,3,248,32,139,1790033,34,7071,1
3,3,3251,56,70,1169931,2,15235,0
3,1,1831,22,124,3216775,67,9442,1
1,5,3945,226,469,4337172,94,3994,0
2,3,621,203,329,2638108,72,5918,1
2,5,840,153,317,2126258,52,13121,2
0,5,1688,82,429,4943422,7,5446,2
1,1,1881,165,460,2024106,76,15547,1
2,1,1905,86,334,367074,19,8091,1
1,5,1560,178,76,1985030,90,181,0
3,5,3974,296,258,3395493,92,11357,0
2,5,1224,94,184,267651,15,7340,2
2,5,3790,191,348,178375,78,15545,2
1,1,3327,121,11,3249280,48,9632,0
2,3,228,239,181,3302467,14,6566,1
1,1,2294,105,494,2228666,3,9391,1
2,3,784,177,457,2339500,50,11752,1
0,5,2186,165,474,1827669,93,5956,2
1,3,848,114,343,4116361,54,14368,1
2,1,3555,202,293,3626153,6,11889,1
3,1,837,141,484,2590201,49,857,1
2,5,2845,147,63,1101620,23,13081,0
3,1,3304,279,467,1009882,92,100,1
3,5,258,47,76,131436,78,11450,0
0,1,542,54,429,4284667,78,5327,1
1,1,3251,172,111,2419113,20,105,1
2,5,2762,262,129,1676902,77,3714,2
0,3,3134,178,200,1620530,91,793,2
2,1,1707,294,418,3566117,60,14813,1
3,3,2968,283,479,4601505,99,12780,1
1,1,781,29,313,3134105,45,6080,1
2,1,1179,248,432,3169253,61,8181,1
2,1,3496,279,56,3259021,56,14711,0
3,1,1655,40,231,4232707,2,15025,1
2,3,3828,113,30,398046,45,13999,0
2,3,2795,179,167,3071800,40,11118,1
3,1,3220,195,357,2250170,24,129,1
0,1,643,137,168,2383800,29,14859,1
3,3,3708,219,386,1684415,67,12714,1
0,5,2983,290,381,3464587,68,12182,2
1,5,2949,262,419,3072097,66,3016,0
0,3,1265,28,244,3707871,84,14718,1
0,1,374,209,159,112597,54,15584,1
1,1,1028,229,414,4368226,53,3778,1
0,5,1799,145,266,1412379,79,4586,2
3,5,1900,232,174,2395019,49,175,0
0,3,3053,12,86,3837827,32,5863,2
1,5,1540,245,94,4980021,61,8460,0
3,3,943,237,55,4192161,42,997,0
1,5,1440,151,402,3676555,1,12615,0
1,5,3439,18,410,4128741,63,15894,0
2,5,193,199,56,1690224,35,644,0
2,1,433,174,222,2461436,51,5080,1
1,1,2313,148,488,4543429,71,14356,1
1,1,3482,285,496,1871942,45,190,1
1,5,2421,62,68,4073743,77,11135,0
2,3,3136,184,63,2894059,65,3105,0
2,3,266,119,351,195202,14,9872,1
0,3,1565,212,21,4517025,93,9118,1
0,3,3048,145,201,3929056,3,14067,2
1,1,3668,13,15,2830380,24,4255,0
3,1,2280,164,318,2539309,65,5221,1
3,5,2367,181,153,1616620,48,7832,0
2,5,3042,56,355,4802294,10,2710,2
2,3,1540,103,270,2931424,13,6906,1
2,1,2967,57,82,301767,73,6139,0
1,3,1685,249,183,3979222,14,11632,1
3,5,3640,222,241,4251994,10,5368,0
0,5,3663,148,279,1148556,40,13133,2
1,3,2564,214,437,518926,23,10271,1
0,5,2402,82,456,922594,99,13066,2
0,3,1217,13,371,457082,55,15455,1
1,1,160,85,231,1429094,63,2602,1
0,3,1063,86,61,3717714,71,3661,1
3,1,281,265,125,2361406,42,13875,1
0,1,1764,111,35,476197,99,8112,1
3,5,3705,115,62,1181034,66,1090,0
3,5,3843,48,374,1291858,79,8556,0
3,5,1805,284,38,4164219,73,7653,0
2,3,3713,97,28,1883809,47,11701,0
0,3,3621,220,312,883517,81,4222,2
1,5,2692,86,401,3105632,52,11267,0
1,3,1627,86,288,1073374,18,2996,1
0,5,1346,37,126,1456357,79,15780,2
2,3,3824,254,115,2121179,18,3286,1
2,1,2270,75,428,501252,24,3730,1
3,1,1022,275,488,3716222,23,13978,1
0,5,1080,214,318,4253638,12,15433,2
0,3,3276,67,236,2676059,23,4857,2
1,3,3643,210,361,421091,21,11348,1
0,1,2643,234,195,4875178,64,1587,2
2,1,2645,151,270,3300380,90,3922,1
0,5,567,93,25,260201,72,1917,2
1,1,963,152,282,2839339,94,13191,1
3,5,2312,42,169,4068520,34,15870,0
1,1,2231,161,367,4726326,2,1211,1
1,1,2382,167,259,1787936,69,3970,1
3,3,3247,150,233,4506797,31,5743,1
1,1,1994,260,265,4334227,97,3932,1
1,1,1512,121,189,2154766,68,10998,1
0,5,1922,153,29,204474,70,10154,2
0,1,2783,218,121,127745,87,7788,2
3,5,3273,233,129,1803572,19,8506,0
0,1,2428,52,203,4651325,72,12670,2
0,1,3659,273,477,3096039,13,6381,2
1,5,3504,253,120,2636947,65,5232,0
2,3,3236,12,219,1374651,6,13157,1
0,5,2991,134,10,2697939,71,9544,2
2,5,3603,277,67,901794,27,13903,0
0,5,1357,93,102,1933457,79,9436,2
0,3,948,25,230,1408539,52,1576,1
3,1,1148,68,220,2097958,98,8181,1
3,5,1239,186,437,4281424,87,11846,0
3,5,1262,72,241,878350,48,4444,0
2,3,2175,58,271,591888,88,10490,1
1,5,3044,255,373,2664288,79,1208,0
0,1,3723,298,112,532108,99,4417,2
0,3,737,295,59,314678,68,4680,1
0,1,2118,24,383,1790087,44,3563,2
2,1,615,264,119,3534063,17,15496,1
3,3,1257,101,465,2443716,95,10320,1
1,5,1944,288,97,1228103,38,1194,0
2,1,3343,215,29,1395208,10,118,0
3,1,876,103,23,2611948,54,3767,0
2,1,1401,234,142,2837297,91,15268,1
1,1,2276,208,434,534885,6,11250,1
3,3,1861,280,305,1792456,6,9068,1
2,3,3233,243,43,2612111,52,15905,0
1,1,3857,55,389,4408300,15,15309,1
0,5,3847,73,217,3646207,68,9411,2
1,1,1132,239,310,3131512,57,9225,1
0,5,1400,258,208,4607302,56,15742,2
2,1,3002,255,89,4660664,7,12818,0
3,5,1694,84,80,2065731,51,12219,0
3,1,2766,166,164,2599677,58,11576,1
2,5,240,232,87,859468,64,10582,0
3,1,1273,199,87,3444214,26,10257,0
3,1,1385,61,181,3036633,58,9694,1
0,5,757,97,298,1284224,31,10375,2
2,3,3156,75,42,3261564,66,9281,0
1,5,428,159,309,107998,92,15113,0
0,3,436,29,285,4715714,13,4773,1
2,1,3879,42,376,381703,18,4263,1
0,5,2334,290,429,4940179,94,6463,2
1,5,665,55,16,4619322,75,3516,0
1,5,1592,82,169,2831273,13,3076,0
2,3,2380,142,249,2699457,24,7048,1
1,3,2098,64,460,1529545,57,12499,1
0,1,1804,70,432,712182,29,2797,1
1,3,513,17,486,81291,56,7321,1
0,3,3351,281,33,4023610,54,14014,2
0,1,1016,255,223,1740528,5,12504,1
1,5,221,185,79,4775598,35,12637,0
2,5,3208,125,377,1993349,19,6221,2
3,1,3674,280,225,629556,55,11737,1
1,5,1196,202,113,3459010,77,3905,0
0,3,892,159,224,2684838,69,8803,1
0,1,1371,140,63,222163,44,15268,1
1,1,1958,111,303,1898678,78,2253,1
2,1,739,279,339,3272341,38,13685,1
2,5,2672,219,345,2200223,62,3469,2
0,1,1557,76,212,3651824,22,1194,1
0,1,2262,19,297,111572,73,2749,2
2,1,2074,58,54,2237149,40,9793,0
3,5,1772,120,326,2718159,26,15206,0
1,3,432,228,207,810063,5,12263,1
0,1,2306,66,225,4842712,93,610,2
0,3,3860,292,490,402099,54,1237,2
2,5,3553,122,318,4083940,86,3183,2
1,5,1462,142,393,1197845,49,3461,0
2,5,1633,80,444,1988214,3,1739,2
1,5,2321,92,341,277786,92,4457,0
1,3,2100,66,193,4084671,38,2473,1
1,1,421,280,36,4162011,14,1419,0
0,5,1760,120,175,2728533,47,14535,2
3,5,1519,85,327,418799,14,6057,0
2,3,660,167,283,3764901,75,6778,1
3,3,165,29,392,4799130,73,8822,1
2,5,3391,140,374,4519462,38,1026,2
1,1,496,131,112,2904107,64,4322,1
0,1,1441,50,457,4567733,44,6547,1
3,5,3374,176,342,4825471,70,12851,0
0,3,1390,139,382,4285933,65,10598,1
2,5,464,32,113,3654432,25,168,0
0,5,3216,288,423,2437126,16,1592,2
0,3,1858,260,254,1357258,15,4912,1
3,5,2989,18,314,2407606,98,3093,0
1,5,1097,22,178,1164842,81,1022,0
0,5,3749,61,125,4642154,3,965,2
1,3,2760,218,150,2897283,67,6671,1
2,1,1923,47,427,4274487,37,9679,1
0,1,1123,109,365,61282,81,636,1
3,3,3623,202,487,2156401,55,8592,1
2,1,767,200,134,4727755,38,5675,1
2,5,3619,60,34,124844,63,14580,0
3,1,1408,150,203,4950944,1,7404,1
0,5,3200,177,393,2432275,71,13811,2
0,1,1655,118,109,2072979,90,4641,1
2,3,3148,216,411,3938080,19,2612,1
0,1,2368,119,14,2922580,52,6889,2
1,1,611,205,28,4651699,30,10112,0
3,1,2901,161,179,2491388,55,8514,1
1,3,2344,252,283,913234,14,2977,1
0,1,3897,137,263,4177116,13,6245,2
2,3,3712,114,130,4194352,84,12600,1
3,5,436,19,41,3025320,90,11681,0
0,1,751,157,158,2907809,27,6326,1
0,3,2656,149,275,2297397,89,11283,2
2,3,1022,199,46,1548840,9,15634,0
2,1,1434,103,186,1134909,41,14695,1
1,5,3987,238,351,3842313,48,13934,0
3,3,1033,72,22,4468255,12,12190,0
3,1,1561,34,192,1001778,10,14401,1
2,5,401,277,154,4913829,6,10006,2
1,3,1774,290,274,2873325,34,4340,1
3,3,2001,20,97,2999277,52,5932,0
2,5,1329,210,437,517243,41,13804,2
0,5,3343,135,471,540353,83,6496,2
3,1,1957,199,55,2112577,6,5217,0
1,1,802,98,401,2897695,2,10012,1
1,3,2878,125,128,4057150,15,13482,1
1,5,1074,186,430,1963821,17,1572,0
0,5,595,23,28,2441342,16,9073,2
3,5,1519,266,456,3175,28,611,0
3,3,128,218,229,1323061,85,3590,1
0,5,1309,290,439,2948492,72,12378,2
3,5,2431,114,242,3827742,10,1529,0
0,3,938,156,103,3600839,10,6727,1
0,1,3470,288,464,3730712,10,12708,2
0,1,3219,18,260,2287113,73,1255,2
1,3,1155,127,259,4540563,28,6710,1
3,5,2599,103,291,2390490,24,8898,0
0,3,2040,153,241,4623357,19,12182,2
3,1,1550,298,55,3608838,97,639,0
1,1,3825,23,383,3231086,68,4376,1
0,3,2862,266,55,3511420,56,4954,2
2,3,970,195,468,559867,67,9613,1
1,1,599,216,23,2770067,42,12816,0
2,3,2111,181,94,41751,12,13570,0
3,1,441,279,328,1250247,18,15060,1
3,3,3468,230,337,3220908,23,11993,1
1,3,2407,161,12,4400054,84,6471,0
3,3,2483,120,37,3180249,6,14110,0
2,1,3330,192,390,2634004,53,3809,1
0,3,1430,81,166,630443,98,10342,1
0,1,1023,292,352,989144,42,10126,1
0,1,3722,83,411,1040535,66,13371,2
1,3,3689,224,428,2285302,30,14100,1
3,3,3215,32,342,3497619,9,8989,1
2,1,3214,77,341,798634,91,8705,1
3,1,389,102,184,372551,42,8995,1
3,5,2694,72,123,2009265,34,5986,0
3,1,3566,233,398,4170895,40,8824,1
0,5,806,234,496,1708621,88,2255,2
2,5,1095,112,340,3236925,17,4164,2
2,5,2388,224,259,1092213,29,12392,2
3,3,3606,201,68,4869030,50,4077,0
0,3,3905,169,212,3643192,76,14088,2
0,1,2403,216,324,1916954,95,4866,2
2,5,2731,278,248,4008374,49,7238,2
0,3,3249,203,243,156647,73,11595,2
0,3,2722,161,312,3581345,61,2858,2
0,3,988,246,104,1179102,83,13901,1
1,3,3394,97,488,3654451,46,15404,1
3,3,897,20,150,462833,46,15826,1
2,5,491,196,343,4873685,17,15193,2
2,5,2600,223,122,4073681,66,15108,2
1,5,179,24,118,2617670,5,14670,0
3,5,3253,275,371,3249394,54,3653,0
2,1,646,82,354,1755741,16,13893,1
0,5,2008,61,298,1131127,81,14896,2
2,3,1555,137,106,3742896,91,3963,1
0,5,911,37,455,4925306,7,15407,2
1,1,3511,74,344,952710,8,1469,1
0,3,2690,26,25,4308427,72,2217,2
2,5,1048,147,53,2828700,87,2194,0
2,5,2422,238,451,3040206,96,2217,2
2,5,3190,263,385,3515734,82,9802,2
1,3,3781,219,239,1298327,38,9418,1
1,3,2545,240,399,4012577,54,9510,1
3,1,1601,250,117,836669,76,5941,1
2,3,2916,79,226,671774,15,11829,1
0,3,1690,113,408,1178209,92,6586,1
1,5,3286,213,269,867297,50,1216,0
2,3,1561,62,321,1691045,56,3625,1
2,5,1786,63,329,4781651,95,2891,2
1,5,2806,285,205,312294,9,1920,0
3,3,1499,40,487,1614955,8,12171,1
1,1,3818,144,427,2302348,19,10509,1
1,1,1907,67,484,2939926,51,2936,1
0,3,314,114,104,3950770,72,209,1
0,1,3996,275,65,1870060,98,7293,2
3,5,2709,19,41,4544511,57,10900,0
2,5,3463,262,240,3069689,68,3813,2
1,3,2929,165,381,2520379,31,12976,1
3,1,3847,167,18,4098996,3,1105,0
0,1,3399,46,200,4817132,99,15162,2
1,5,2771,128,370,4248837,83,383,0
2,3,1512,76,209,1169964,43,3646,1
0,1,206,251,343,796063,29,7657,1
0,3,1495,222,170,3234116,10,9133,1
0,1,2348,110,96,4130295,12,11229,2
3,5,2975,65,30,3968924,46,14354,0
2,5,1682,248,320,3903859,30,12689,2
1,3,2627,240,85,4185737,94,1412,0
3,5,2424,101,450,4308380,82,975,0
3,1,3058,288,395,3770023,88,5569,1
3,5,944,118,150,2819710,32,2493,0
0,3,2194,177,135,3958100,73,15611,2
2,3,562,227,260,2992002,47,10819,1
3,3,265,231,397,1121368,88,4030,1
1,1,3253,170,93,2519800,63,7310,0
2,1,3381,25,443,796005,26,10647,1
1,1,2222,287,380,3283178,3,1469,1
2,1,3203,66,57,4523289,23,11117,0
1,1,3404,71,388,1595745,75,109,1
0,5,1756,251,87,4784877,74,2574,2
3,1,2156,99,39,766127,50,3847,0
1,1,1617,81,294,2569805,36,10901,1
2,5,2258,39,145,2969174,13,12338,2
3,1,2381,297,149,4516593,29,1628,1
3,3,2203,95,50,1369240,38,12648,0
2,1,1178,243,495,2939396,77,14553,1
1,1,3560,244,291,3349410,90,14577,1
0,3,277,274,59,1935062,84,7251,1
0,3,3821,296,267,1992524,5,11347,2
1,3,3703,278,320,3564733,20,15826,1
3,3,2415,195,369,4455015,78,757,1
3,1,1537,140,449,626122,14,8215,1
3,3,851,286,279,2138154,8,5327,1
3,3,1672,189,143,256549,48,1830,1
1,5,1955,299,243,1792624,13,13861,0
3,3,2971,172,137,4678147,24,2463,1
2,3,521,280,113,375994,79,13701,1
3,5,1129,105,263,1703875,65,13195,0
0,5,2722,271,104,4150285,86,11648,2
3,1,2110,297,346,1779650,34,7800,1
1,5,3561,92,226,3427349,51,14712,0
0,1,1091,234,70,2800045,3,2211,1
1,5,2791,232,489,4465944,90,15182,0
1,5,3070,127,277,1170098,78,13256,0
0,1,2210,201,250,4600790,58,15827,2
1,5,278,88,22,2829520,72,11781,0
1,1,220,87,156,2381020,55,15552,1
3,5,344,156,437,4669710,80,8850,0
2,3,238,116,249,1650478,42,358,0
1,5,475,280,98,1143142,21,14786,0
1,1,1026,253,104,3273920,10,5489,1
1,5,1152,82,324,4597218,57,4357,0
3,1,2755,35,302,3614725,25,2414,1
2,1,968,219,34,3263983,56,234,0
0,3,3303,101,281,4027642,38,5374,2
3,3,548,134,175,4232659,86,5533,1
3,1,1871,82,436,1087266,61,13577,1
2,5,2859,132,259,3577758,47,295,0
2,1,915,193,96,3833733,54,8480,0
3,1,875,196,151,741174,46,8233,1
0,5,3829,207,143,204811,68,5974,2
3,5,1908,87,482,1630494,4,13752,0
2,5,2168,195,288,4374547,94,569,2
0,5,2345,262,135,1595522,66,13951,2
2,1,195,22,325,4473245,93,3957,1
0,1,1691,85,405,2943383,43,326,1
1,3,3896,60,150,3527173,62,12270,1
2,1,1369,284,365,531553,85,5151,1
2,5,2679,158,112,3796627,85,14587,2
3,3,519,228,235,1252782,85,12551,1
2,5,3627,131,399,2067799,4,8847,2
2,1,242,220,72,447710,65,4623,0
1,3,1141,289,303,3131108,62,4653,1
2,5,2591,35,393,1731934,90,13436,2
1,3,3938,182,315,3110070,2,4103,1
1,3,101,165,263,2028419,9,6862,1
1,1,2979,247,189,1457098,57,10954,1
1,5,2460,91,49,3325145,45,6123,0
0,3,1870,282,273,3289685,18,191,1
3,3,3014,77,198,3780697,48,11903,1
0,5,2571,53,17,3726613,42,10611,2
2,3,1919,70,113,4071675,41,1767,1
0,3,2618,132,234,98375,75,12798,2
0,3,1836,205,43,1820941,89,15092,1
2,5,1504,120,245,3950244,90,13007,2
2,5,1917,267,472,3498319,58,7363,2
2,5,3419,98,237,2190465,42,14439,2
0,5,3556,207,197,2918945,35,11669,2
0,1,3817,291,322,81294,38,10566,2
2,3,2788,209,492,2193209,67,10086,1
3,5,3319,108,439,2249753,41,5764,0
3,3,3249,36,31,3860662,99,449,0
1,3,2629,98,352,384829,50,4813,1
2,1,2057,155,49,4169562,86,10805,0
1,5,1484,191,182,1543708,72,9764,0
3,5,889,266,448,2076713,79,9576,0
1,3,3186,198,188,4710607,45,13632,1
2,5,3815,249,95,1023762,71,10865,0
2,3,290,205,142,555700,19,13810,1
2,3,3490,174,360,4449232,17,6305,1
0,1,585,280,22,1261680,65,288,1
1,1,1457,17,37,4198232,93,3265,0
3,1,3552,47,93,852590,77,7591,0
3,3,132,123,490,1211280,56,13381,1
3,5,1031,65,473,33309,93,3697,0
0,1,3952,147,327,4991016,41,5458,2
0,5,3818,111,358,41449,42,9858,2
2,1,1000,186,352,1741831,6,6390,1
3,1,3949,178,289,3518937,69,2479,1
0,3,660,295,363,2603226,98,3702,1
2,1,623,270,272,4794485,75,9963,1
3,1,2383,232,175,1505915,73,14078,1
1,3,1038,208,302,2909760,40,13853,1
2,5,3655,220,77,4869073,41,6357,0
0,1,508,296,235,3345301,9,14991,1
0,3,3333,189,179,3172743,8,9514,2
2,1,2223,259,95,1537519,44,11381,0
2,3,3534,240,142,4569798,58,15240,1
0,5,1572,32,457,1902412,67,5190,2
1,5,2522,57,187,117751,13,2928,0
3,3,2651,118,499,1755217,19,1585,1
1,3,2707,15,352,1733968,98,14982,1
2,3,2034,47,261,1340025,96,15799,1
1,5,1616,178,24,3201034,49,8777,0
0,1,3279,292,232,2317400,80,6304,2
2,5,2209,212,388,1170715,82,998,2
3,3,2499,282,210,3049500,78,13200,1
0,3,3880,253,116,2869839,30,10884,2
0,5,171,56,259,4070617,66,3991,2
3,3,322,258,446,3786407,77,9263,1
3,5,1367,88,418,3676378,91,6653,0
1,3,447,119,98,2134520,59,15487,0
2,1,2568,22,134,4239413,53,8675,1
3,1,1034,99,122,1238293,52,1453,1
3,3,1280,289,478,975501,81,7869,1
2,5,1183,230,146,28426,31,3561,2
3,1,3561,82,256,905064,15,2985,1
3,5,1351,243,175,2611320,20,4928,0
1,3,3689,269,159,4042371,5,7556,1
0,5,1960,122,372,977729,7,13325,2
0,1,2666,55,352,672367,18,7641,2
0,5,1555,283,442,2143010,56,12506,2
0,5,3924,52,77,2012153,75,13046,2
3,3,3235,217,230,3498914,96,5110,1
2,3,1966,112,280,3691255,91,3383,1
2,3,2994,133,330,457185,90,15112,1
1,1,869,19,319,1090867,45,1652,1
1,1,2950,196,423,1088381,28,8470,1
3,3,3598,40,358,1148407,50,13522,1
2,3,2807,165,29,2247667,2,12764,0
2,1,2006,69,298,10290,84,12459,1
0,1,2418,258,498,1855080,68,2246,2
3,1,228,279,109,830722,77,11141,1
3,1,946,226,261,4280490,24,15090,1
0,3,2316,11,479,1851123,48,160,2
3,1,2886,33,86,1579013,45,9486,0
3,3,2022,215,144,2926576,93,6073,1
1,5,1601,208,401,4030884,58,4209,0
2,5,541,123,421,786088,36,10927,2
3,1,110,289,182,2009880,2,12043,1
1,5,1127,164,372,1866407,18,3917,0
2,5,1753,174,210,1881519,49,9619,2
0,5,2635,231,226,2475427,8,7691,2
1,1,2945,100,385,1573566,58,5054,1
1,1,3085,176,217,3369410,15,10013,1
2,5,114,216,83,935814,17,13846,0
0,3,3733,291,20,4933206,23,8254,2
1,5,635,74,296,307489,66,7127,0
3,1,1777,13,265,4811321,70,13514,1
3,1,2268,166,21,2763734,93,12576,0
3,1,3394,258,389,4153554,27,3311,1
0,5,3820,266,488,3047165,37,712,2
1,3,584,244,87,2229610,49,13447,0
3,1,3512,83,444,2139030,64,11334,1
0,1,2790,196,181,3902359,34,8935,2
3,5,3448,71,105,1664216,18,3440,0
2,3,2205,173,315,989807,64,9423,1
1,5,1920,65,382,2927473,74,3068,0
1,1,3283,120,282,2684684,44,15349,1
0,3,2911,227,428,1986243,17,9746,2
0,3,1054,249,394,3890200,59,1952,1
1,1,2549,30,422,701461,13,4221,1
3,3,1279,150,188,701066,52,378,1
3,3,2687,274,73,733444,60,9681,0
2,5,1089,148,141,4210419,42,15612,2
3,1,376,79,352,565267,91,13590,1
0,1,657,127,421,2794153,64,6345,1
0,1,2756,207,281,3923874,66,3896,2
3,1,51,214,328,4167421,34,12409,1
0,1,1083,223,341,4851258,95,274,1
1,3,2531,65,446,408609,87,2570,1
1,5,174,296,350,4623900,71,8114,0
3,1,1154,184,118,701416,64,3764,1
1,5,2582,137,282,4152511,33,2457,0
1,5,2749,297,177,3539236,12,6733,0
2,3,1911,235,406,2083264,76,860,1
2,1,1223,73,189,4837835,19,6802,1
1,3,2897,57,67,3020517,9,3167,0
3,1,2970,211,489,1609990,74,14386,1
2,3,3461,69,430,2702822,17,4823,1
0,5,178,266,88,3369513,50,15654,2
0,1,487,74,469,2640668,39,3340,1
0,5,800,248,70,4743601,41,12628,2
3,5,2598,298,378,787526,10,13819,0
1,3,3179,47,130,1549780,12,2301,1
0,1,1271,34,216,3227364,79,13563,1
3,5,2308,68,43,3245181,95,4711,0
2,3,951,167,79,2588033,15,10771,0
1,1,2142,66,26,2079850,28,14153,0
2,1,3218,57,29,2358395,4,4656,0
3,5,1352,65,466,2433108,36,9165,0
0,1,2632,74,324,1377807,65,6471,2
0,5,1483,277,78,3391584,98,3102,2
3,1,2558,78,224,3196335,47,8257,1
0,3,440,225,170,1452537,81,11838,1
1,5,3968,98,111,3515536,39,10645,0
3,5,1117,290,385,2640770,38,4501,0
2,1,76,266,215,1760268,44,4975,1
3,1,2891,169,154,2595489,51,12252,1
1,5,3218,243,66,2021612,97,2696,0
1,1,3072,140,92,1825998,85,9343,0
3,3,597,58,490,4416741,26,11217,1
3,1,2718,156,394,533358,36,9332,1
0,3,616,11,278,876475,69,2956,1
1,3,753,154,420,302065,97,1796,1
3,3,1292,70,463,2104741,1,4359,1
3,3,234,282,196,2031489,53,9962,1
1,3,3190,58,15,2977579,6,498,0
3,1,3950,140,362,2134527,37,3062,1
0,3,3251,52,359,2141237,2,11746,2
1,1,1640,66,119,4780432,69,1618,1
0,3,1963,59,492,2981631,90,11428,1
0,5,3730,187,416,1895728,41,15172,2
0,3,897,55,147,3032402,51,3541,1
0,5,648,179,60,3437386,47,10788,2
1,3,855,280,412,196961,13,13047,1
0,3,3752,148,60,4084028,76,12717,2
0,3,3841,256,485,3747050,69,7360,2
3,5,1407,157,96,4127030,66,6933,0
1,5,3275,239,77,3507260,59,15017,0
1,3,3668,289,93,1505777,68,6034,0
2,1,2176,134,476,4098824,59,9289,1
1,3,2676,201,51,2142997,91,12876,0
1,5,1928,89,228,4080162,10,7138,0
2,3,2510,103,66,3400987,13,15484,0
1,5,595,235,235,3430031,2,13090,0
1,5,1682,74,205,2586440,90,12872,0
1,5,2266,97,257,2728162,15,4818,0
1,3,2778,97,175,3383172,46,1114,1
2,5,3784,210,71,2937036,57,3871,0
1,5,2680,223,272,1815099,10,8809,0
1,3,2612,213,121,3884734,22,1486,1
2,5,3435,98,262,272984,89,12752,2
3,3,2129,70,208,4691136,79,12786,1
0,5,2384,280,187,303912,77,12947,2
3,1,2691,103,445,808359,8,10947,1
2,1,3164,36,35,1934630,21,6147,0
0,5,1976,223,419,3162057,85,14135,2
2,1,666,83,255,1065367,22,2533,1
2,3,3122,70,28,1440605,97,7769,0
1,1,3694,195,274,2767884,45,4850,1
0,5,2367,40,326,372698,91,6432,2
1,5,1253,228,29,2228588,40,13403,0
0,3,1809,21,115,3396622,22,4879,1
2,5,2615,41,246,2394666,30,12021,2
2,3,3224,169,315,1100984,62,13137,1
3,1,3131,246,473,1195882,73,6203,1
0,1,2680,236,255,2395712,45,2844,2
1,3,3211,190,90,1122015,35,10102,0
3,3,275,55,159,543530,82,11578,1
3,5,719,89,406,2803766,42,15990,0
3,1,1813,144,405,1915332,5,7662,1
1,3,966,269,19,822681,27,14524,0
3,1,2223,256,330,1936132,70,10132,1
1,3,3053,168,233,3386375,62,13068,1
3,1,3330,212,423,872510,32,12533,1
1,5,3218,121,273,3861872,8,1147,0
2,1,2171,128,158,4592204,85,1688,1
2,1,3748,26,287,4612315,18,15634,1
2,1,1264,236,283,4657707,78,9900,1
2,1,1755,126,203,4336807,15,9367,1
2,1,1892,52,441,352771,26,8505,1
3,5,2033,124,181,2188533,53,11234,0
3,3,3837,292,274,4547475,44,13257,1
3,1,105,46,460,3399369,32,210,1
1,5,769,122,319,1760308,28,9498,0
1,1,2650,44,35,857798,39,14876,0
1,1,2129,141,478,95176,32,5956,1
1,3,3648,237,359,336014,77,13107,1
2,1,623,156,485,4766979,79,8552,1
2,5,716,131,365,3855015,18,8468,2
2,5,333,90,35,796736,70,8514,0
0,3,1794,182,43,1853040,11,7131,1
3,1,3953,163,273,92291,32,4462,1
1,5,3615,159,147,900321,20,10164,0
1,1,2284,67,313,3736568,97,3207,1
2,1,547,72,192,2521022,40,2388,1
1,1,1515,165,372,3185972,8,5638,1
1,3,179,177,251,3545886,35,15114,1
3,1,688,175,63,2148849,69,14232,0
2,5,3413,94,471,3935853,99,1651,2
3,1,2211,146,177,713111,78,5938,1
0,5,3320,198,128,2742186,21,3768,2
0,1,2110,11,152,508099,24,15813,2
0,5,3392,115,90,2205924,17,5596,2
2,5,3722,81,254,2216080,18,10664,2
1,1,3336,135,411,1367825,98,1975,1
2,1,2541,179,361,4392283,12,8808,1
2,5,3911,214,367,3829471,16,2965,2
1,3,3633,204,416,2121556,4,6948,1
3,1,2544,167,71,1516675,89,8493,0
0,3,1035,150,55,101965,34,5702,1
3,1,1042,284,96,3727348,92,10596,0
0,1,2812,16,108,3317219,46,3551,2
2,1,2171,63,304,1938627,75,13012,1
0,1,2634,113,408,4303573,77,15253,2
2,3,150,70,62,2958428,31,10553,0
3,1,2273,96,481,2530610,25,10357,1
2,5,476,267,201,2207851,74,7324,2
3,5,3238,187,456,1670090,24,15809,0
1,3,3287,251,485,2200433,65,1652,1
1,1,90,212,89,501508,25,11512,0
1,5,478,40,25,1112545,28,7409,0
2,3,393,298,369,3707676,36,563,1
1,1,3545,89,496,90244,82,15154,1
0,5,415,20,335,3040382,6,8683,2
3,5,3241,263,203,195068,66,8242,0
3,3,658,296,150,4737137,67,6551,1
0,1,2754,185,117,658739,72,13476,2
2,1,777,135,312,1276421,95,952,1
2,5,2326,56,274,2602852,48,5769,2
3,5,874,215,456,697480,83,9462,0
1,5,3251,116,299,1329529,70,8198,0
2,1,1425,284,218,1944419,78,2371,1
2,3,938,132,484,1783414,67,905,1
0,3,2093,143,422,4608011,48,1067,2
0,1,1391,116,174,3327254,65,5329,1
1,3,3081,59,436,2430365,44,10462,1
2,5,3770,104,351,2973703,94,7762,2
2,3,2933,277,380,2388117,63,15867,1
0,3,3458,32,329,1021576,46,4730,2
2,3,1346,63,161,686305,19,11746,1
3,5,166,263,464,3568354,64,7122,0
0,1,2915,244,299,457982,83,6674,2
1,5,2465,68,441,4421266,73,12792,0
0,1,1167,173,277,2498537,71,245,1
2,1,217,268,160,529118,50,15181,1
1,1,3051,225,216,3071962,63,4744,1
0,3,1788,192,264,1922948,41,9574,1
3,3,1414,66,362,1208405,7,14097,1
3,1,2758,154,386,3210595,9,4701,1
0,1,744,99,150,2787278,4,7041,1
3,3,974,54,352,1868427,89,9759,1
3,5,201,266,367,4998404,49,12776,0
3,1,635,30,105,1459038,76,2747,1
1,5,3998,30,438,1074572,6,12696,0
3,3,962,61,379,4508760,82,11349,1
3,1,2371,180,236,3805153,21,1107,1
3,5,1627,76,202,1322187,15,5257,0
1,5,545,122,312,1291028,67,10947,0
0,5,3845,169,323,4813961,66,10305,2
2,3,2198,275,398,317096,56,2842,1
3,3,606,241,386,3073721,68,470,1
0,5,1155,77,470,2656609,32,12890,2
3,5,1602,37,127,3163557,66,2864,0
1,3,2170,125,14,2102674,29,2890,0
0,5,3135,60,453,1921695,66,13487,2
1,5,3554,190,361,1478111,34,1081,0
3,3,206,269,252,3529206,27,7689,1
3,5,784,88,30,4090775,60,1541,0
1,5,2229,282,161,2216728,39,5025,0
2,5,3459,117,137,3643064,44,10127,2
1,3,3116,83,133,3002003,82,4997,1
3,5,1477,184,155,1117741,36,559,0
1,3,3497,193,286,3580399,19,15811,1
2,3,608,32,319,4737033,91,1909,1
1,1,2204,283,403,2128868,45,15585,1
2,1,3741,138,161,1636039,84,14101,1
2,5,2362,195,369,19179,21,5111,2
1,3,3326,68,120,3435091,23,1908,1
1,1,3200,10,478,2201305,94,9155,1
0,5,204,140,482,1524155,89,13728,2
3,1,3904,76,125,4794559,95,5657,1
2,1,3085,294,197,3125249,27,2115,1
0,3,1046,98,66,3680512,98,14441,1
1,3,2344,109,260,1793803,72,3016,1
3,1,580,198,393,1744174,19,13396,1
0,1,2955,250,416,3407009,41,15287,2
2,3,2021,279,159,3468758,26,6823,1
0,5,2635,228,461,3502939,28,13131,2
2,3,778,185,171,308633,64,12079,1
1,1,1227,242,129,144492,68,7942,1
3,5,203,160,79,2889899,95,9838,0
3,1,3807,286,421,226648,80,14144,1
3,5,141,238,360,2589279,51,4492,0
1,1,3554,180,108,4798622,74,9297,1
2,5,2435,232,176,753648,48,13245,2
1,5,1553,222,307,4054235,10,9265,0
3,1,1766,291,160,4931952,73,3254,1
1,5,3252,50,335,1545718,39,625,0
1,3,2547,131,473,398348,19,248,1
1,1,2066,236,11,499515,64,7473,0
2,3,2907,97,161,2059591,19,1415,1
0,1,836,276,410,4001366,76,7884,1
0,5,322,38,374,27296,62,2048,2
1,5,2077,256,74,2698017,13,5400,0
0,5,2685,253,335,2828102,25,6494,2
0,1,226,70,78,1651037,89,1066,1
1,3,3817,156,130,100074,92,3668,1
1,3,2928,183,118,524136,42,75,1
3,1,692,287,325,2779550,39,9800,1
0,1,1948,151,256,2659062,30,3774,1
2,3,3170,53,443,2018364,5,15883,1
1,3,616,153,102,2940961,81,3508,1
3,3,715,64,277,4278214,18,11598,1
2,3,3476,170,112,1230510,21,6643,1
0,1,3833,294,440,4708575,86,10609,2
3,1,1381,207,460,4700346,50,14541,1
1,5,2965,168,121,1032810,6,8712,0
2,3,3751,89,330,155525,50,10709,1
1,5,1848,40,420,3610337,80,7330,0
0,1,1119,121,313,2900896,66,8119,1
2,1,2399,55,353,2886020,1,4796,1
0,5,2965,214,71,642075,57,7639,2
0,3,3009,61,309,3761501,30,9127,2
3,3,457,147,412,2040309,58,13267,1
1,3,1262,83,452,3144197,52,14082,1
2,3,2919,50,145,33646,37,7028,1
0,5,1903,86,64,1125702,48,9117,2
0,5,1202,196,117,3788938,87,9183,2
2,1,2658,61,312,1304793,1,3091,1
0,3,3658,96,267,385382,19,7815,2
3,3,3387,118,262,593947,46,5454,1
3,3,1191,234,231,4834933,67,621,1
3,5,2561,257,487,684098,2,12391,0
3,3,193,78,378,4205183,56,8846,1
0,5,2539,129,176,4331919,17,12662,2
2,3,3321,76,438,637572,92,15355,1
2,3,3278,70,169,2277148,82,11771,1
2,1,536,200,458,2444413,97,5030,1
2,3,909,198,175,955183,79,12602,1
1,3,3255,160,214,4405494,22,8623,1
2,1,1985,295,276,4724391,27,1286,1
1,5,197,105,147,484843,55,2430,0
1,5,1409,272,377,750130,32,7227,0
3,3,3192,106,452,3009297,60,13719,1
1,5,3354,122,355,979062,83,14588,0
0,3,1407,134,257,3440540,28,12021,1
1,1,2908,141,64,1184759,28,10347,0
3,1,2763,130,413,1467478,74,1567,1
1,3,139,206,218,2301775,84,1583,1
0,1,1407,131,26,3163218,25,5937,1
0,1,248,291,77,429410,85,11536,1
0,3,3282,269,142,4078729,78,11682,2
3,3,587,48,197,775426,86,7909,1
3,1,3242,63,416,2544884,26,3539,1
2,5,350,170,439,2739659,75,12187,2
3,5,773,298,317,4763696,71,4692,0
0,3,1648,209,147,1087706,17,9112,1
0,3,3060,285,183,4658749,82,2200,2
3,5,1509,25,421,817386,7,11474,0
1,1,117,182,106,4085884,56,5369,1
3,5,3886,257,180,2243402,64,11473,0
3,5,2556,227,163,183235,20,3816,0
0,5,1587,96,192,3030407,38,5010,2
2,5,447,91,251,4130193,75,11449,2
0,3,669,71,313,588453,58,6111,1
2,3,3407,296,294,4600000,16,12735,1
0,1,1634,51,36,3867527,51,5907,1
3,1,1213,21,411,2858045,27,4537,1
0,1,779,243,369,2689215,51,12068,1
0,1,605,140,69,4595086,75,14491,1
0,5,2002,124,211,4542759,16,7800,2
3,3,2878,227,259,1545309,87,9854,1
3,3,3711,146,371,1627013,60,1127,1
3,1,1801,115,78,1462215,76,1350,0
3,1,2991,188,467,4169094,40,10400,1
2,5,2707,25,379,1664574,67,10513,2
2,5,2845,251,30,4287503,2,14460,0
1,1,2379,235,161,3311752,48,6699,1
3,3,2758,251,111,2649766,52,7231,1
2,3,3021,150,396,3177867,24,8188,1
0,3,3937,208,497,718463,93,15155,2
3,1,1045,121,104,4701254,98,2579,1
1,3,2009,136,455,1241505,84,3310,1
1,5,1651,30,370,1385358,82,413,0
1,5,2843,156,238,3127829,78,14624,0
0,1,1530,98,134,4530100,82,13762,1
2,5,2184,212,267,3404734,2,895,2
0,1,1152,94,331,4704907,65,3082,1
3,3,3326,176,496,3478915,20,1377,1
1,3,2888,81,378,1719671,34,11404,1
0,3,3458,18,435,1393775,41,8633,2
0,5,3375,290,245,2558929,41,3305,2
2,1,2401,267,171,3577566,75,5186,1
2,3,1453,284,51,2398431,91,7158,0
1,1,2227,247,285,4330149,23,10301,1
0,3,2693,29,362,1074532,38,3287,2
0,5,1349,242,77,4185572,44,10288,2
2,5,1772,230,182,1851827,67,12483,2
0,1,2655,26,340,4458976,62,9547,2
0,5,948,98,134,2488077,12,5718,2
0,5,1256,205,179,2184643,30,15991,2
2,1,3389,93,56,202657,95,6362,0
1,3,3929,96,270,1148728,87,11136,1
3,5,3443,163,226,797551,65,14555,0
1,1,1585,237,314,3484765,41,10274,1
3,5,3733,273,133,3162895,20,9006,0
0,5,127,232,302,3257510,6,5515,2
1,5,2881,130,171,3136210,75,548,0
3,5,3460,182,210,131775,99,15869,0
2,1,2771,13,463,3181617,4,11610,1
2,1,3677,137,411,2405974,93,6112,1
1,1,1582,119,471,227406,10,13503,1
1,5,287,46,284,3731278,51,2994,0
0,5,1207,80,215,4331057,93,8002,2
1,5,2046,298,49,2702731,38,5906,0
0,1,1265,40,282,2688448,1,12046,1
0,5,3477,277,197,3918563,8,15462,2
2,3,327,20,364,4424793,81,12455,1
2,5,3139,41,102,1456482,83,12702,2
3,3,573,66,51,813344,63,7888,0
2,5,229,175,474,1746234,33,6127,2
2,1,172,197,388,1461461,15,185,0
1,5,1319,28,116,4032660,31,15823,0
2,3,1807,125,337,1674820,21,9342,1
3,3,3494,193,74,4389803,3,10113,0
1,5,3172,279,374,4576454,66,4083,0
3,3,1144,42,318,2371128,35,6750,1
2,3,529,19,493,3021041,41,4163,1
3,1,3681,89,144,3635842,59,14228,1
1,5,3140,201,398,3292508,16,12254,0
0,5,1847,199,33,4013267,56,6596,2
3,5,2181,77,37,2425724,45,8446,0
3,3,3276,134,71,3157730,59,4644,0
1,5,2662,68,282,940944,50,10613,0
1,5,2716,106,238,4000661,85,12932,0
3,1,2454,284,29,2130708,12,611,0
2,1,865,158,12,2690403,92,5450,0
3,1,2744,287,430,3106381,12,7383,1
1,3,492,274,227,222746,33,3364,1
0,5,3190,18,408,2104715,84,4010,2
0,1,2620,292,316,4406299,49,10768,2
2,1,192,282,441,2637594,21,2261,1
3,1,241,17,145,3695210,60,2421,1
0,5,1460,217,406,4897525,52,15977,2
3,5,427,134,441,3300248,54,14936,0
1,5,2678,132,12,423618,39,7024,0
0,3,584,42,202,2364648,49,12977,1
2,3,1766,10,82,263328,64,14264,0
1,1,3414,213,424,1326039,86,2731,1
2,5,1082,15,370,152521,26,2856,2
1,1,3392,14,127,4513781,71,12011,1
0,5,1460,89,163,1877213,7,2305,2
2,5,2190,283,218,4191198,72,12652,2
2,5,2039,186,449,2632866,62,14689,2
1,3,2626,145,43,2547946,90,9142,0
2,3,1227,34,146,3860297,88,6432,1
1,5,454,192,327,4312079,24,9992,0
1,1,2937,177,129,1024612,40,4949,1
1,5,1222,187,124,767913,76,11537,0
1,5,938,104,22,1153417,47,3209,0
0,1,3388,42,78,2019265,8,5706,2
1,5,471,120,434,4686150,54,1502,0
3,1,3961,155,342,2477040,9,9485,1
2,3,1691,240,266,2309445,3,2372,1
3,3,521,281,98,4204028,54,9912,0
0,1,2990,47,56,1447876,21,10269,2
3,3,596,144,269,1739746,95,7147,1
2,3,680,244,237,4186880,48,1818,1
3,1,3647,169,456,869729,47,6146,1
0,3,3624,47,189,912531,88,5235,2
1,5,1087,159,19,3225600,68,11905,0
3,5,2875,38,293,1987952,84,13784,0
0,1,3773,153,386,3094606,63,10544,2
0,3,1879,85,135,4919507,16,14510,1
2,5,413,154,143,1278752,74,1219,2
2,5,2216,238,164,1853175,90,4760,2
3,3,3359,73,257,2185996,93,10674,1
1,3,595,278,149,2870579,5,6640,1
0,5,3290,193,327,1179393,11,436,2
3,5,2619,270,445,1520123,29,2480,0
0,1,683,277,185,59326,79,11590,1
0,1,1986,178,332,3748686,70,1455,1
1,5,1730,268,183,524292,48,173,0
1,1,1012,236,490,1222650,15,4047,1
3,5,3055,42,83,25022,84,15676,0
1,5,3856,223,360,4279762,34,5959,0
1,1,932,59,152,149317,60,15520,1
3,1,3890,219,464,3754812,62,11694,1
1,3,2877,38,301,4598547,2,3946,1
2,3,920,48,407,397742,80,9866,1
0,3,565,109,121,4942461,19,8116,1
0,5,3035,182,215,1356081,98,9423,2
0,1,1470,26,140,4131390,49,777,1
0,5,915,65,378,3176261,78,7089,2
3,1,2203,235,119,1189347,88,12126,1
0,5,1158,55,379,2833003,28,7765,2
0,3,263,76,76,2749881,48,3720,1
0,3,3242,206,391,1036670,96,1191,2
0,3,3253,151,95,101960,37,10617,2
2,5,2947,32,284,3432267,74,4081,2
0,1,2294,103,236,1153738,49,15079,2
2,1,68,251,469,1180280,48,15477,1
3,3,691,246,447,478965,73,15843,1
1,3,3133,63,334,2174089,88,8600,1
0,3,1154,147,19,2752087,29,15388,1
1,3,379,281,498,4840242,60,3792,1
1,1,915,50,426,4588192,29,2894,1
3,5,823,107,406,4937396,58,12780,0
1,5,441,192,393,1761352,48,2261,0
2,5,686,137,364,407497,23,1022,2
1,5,2404,238,444,4454492,27,410,0
1,3,3388,95,297,3392068,95,2682,1
1,3,3568,265,468,2130700,7,3240,1
0,3,3562,218,121,3689387,49,4998,2
0,5,2992,224,495,1012403,54,15396,2
2,3,2749,109,33,4420035,68,15604,0
2,3,2938,58,300,4610809,78,1674,1
0,1,1075,210,348,1447846,42,12170,1
2,1,2617,267,335,101020,74,13949,1
0,3,3883,187,177,4827100,59,1806,2
3,1,1724,254,447,4262150,44,7868,1
1,1,2733,132,118,443985,98,5169,1
1,3,3430,180,437,3438184,26,14245,1
2,3,789,145,199,1539309,23,6076,1
0,3,1595,68,499,4571634,73,8482,1
0,3,518,202,364,4985993,8,15918,1
2,5,2309,277,205,2507214,53,13003,2
0,5,1185,269,42,4746150,14,14950,2
3,3,1081,104,214,568476,71,13503,1
1,1,2901,134,321,2655676,7,7025,1
2,3,2574,50,429,570364,9,1025,1
2,3,923,263,191,2408698,3,14377,1
0,1,509,16,156,4358452,78,14416,1
2,5,2350,225,436,1654201,17,4368,2
3,3,1599,78,277,116827,44,5973,1
0,3,801,78,20,4999071,86,2363,1
0,5,1511,90,79,291714,46,9547,2
0,5,1827,39,265,4283299,90,837,2
0,1,3078,82,405,2138810,58,2478,2
3,5,903,271,228,3529512,28,8797,0
0,5,3782,98,306,2418490,14,10351,2
2,5,2333,217,418,1248155,9,15098,2
3,1,1379,222,371,2544440,26,13184,1
1,5,527,275,268,701948,2,6714,0
1,5,2776,216,12,69582,75,13432,0
2,1,3141,86,93,438734,81,10891,0
2,5,2313,297,165,4339079,34,9801,2
3,5,2952,56,160,1623320,19,12477,0
1,1,184,119,185,580779,39,7533,1
1,3,3002,209,204,2463508,82,1413,1
1,1,1202,219,435,1813867,13,4009,1
1,5,459,163,481,2428636,5,8831,0
1,5,1495,19,116,3287976,50,1799,0
0,5,1367,166,433,4592456,23,6721,2
2,1,1319,270,143,3702190,88,590,1
0,5,3822,86,285,1394352,29,15825,2
1,5,1629,266,404,351912,72,7684,0
3,1,135,140,361,1961783,26,10664,1
